<?xml version="1.0" ?>
<document url="./gnat-tags.xml">
<properties>
  <title>Jakarta Project: Gnat JSP Tag Library</title>
  <author>Scott M. Stirling</author>
</properties>
<taglib>
    <tlibversion>1.0</tlibversion>
    <jspversion>1.1</jspversion>
    <shortname>gnat</shortname>
    <uri>WEB-INF/lib/gnat-tags.jar</uri>
    <prefix>gnat</prefix>
    <info>Ant Tasks Tag library</info> 
    <overview>
    <p>The Gnat tag library is originally modeled after the tasks in the Ant build 
    tool.  Ant is a platform-neutral, pure Java, XML-based alternative to make, jam,
    const and similar tools. You can learn more about Ant at the 
    <a href="http://jakarta.apache.org/ant/">Jakarta Ant Project</a>.</p>  
    
    <p>This JSP tag library can be used to perform a variety of build-related and 
    Ant-like tasks. It's called the Gnat Tag Library for a couple reasons, one being
    that it's even smaller than Ant (keeping in the insect metaphor), and less 
    powerful. But it is and will continue to borrow ideas and even code from Ant
    where possible.</p>

    <p>The goal of this tag library is to make all (give or take a few) of the
    Ant tasks available as stand-alone JSP custom actions, and to convert Ant 
    behaviors to JSP behaviors where appropriate.  Examples of changes to make 
    the Ant tasks more like JSP tags are 1) treating the default output stream
    as JspWriter instead of System.out, and 2) throwing JspTagExceptions in places
    where an Ant task would throw a BuildException.  Examples of changes that 
    make the tasks work as standalone custom actions are 1) there is  no need 
    for a full Ant &lt;project&gt; or even a &lt;target&gt; in order to use the
    tasks as individual tags, and 2) tasks can take sub-elements where appropriate,
    such as property  or fileset elements.  But it should not be limited to or 
    by Ant in anyway, and is free to have tags and functionality that one may not
    find or have any need for in Ant tasks.</p>

    <p>A second goal that is currently on the backburner until Ant 2.0 gets rolling 
    is a future, separate tag library that provides a JSP interface to the full Ant 
    capabilities.  In this case you should be able to take a build.xml file and 
    enclose it in a JSP custom action, or generate  (or modify) one on the fly, 
    include it from an external source, and so on.  This latter goal will hopefully
    be made easy by a client interface provided by Ant 2.0, which will allow a JSP 
    custom action to cleanly tie into Ant with a minimum of effort on the JSP side.</p>
    </overview> 
    
    <requirements-info>
    This custom tag library requires no software other than a servlet container
    that supports the JavaServer Pages Specification, version 1.1 or higher.  
    </requirements-info>
    
    <!-- copy tag -->    
    <tag>
        <name>copy</name>
        <tagclass>org.apache.taglibs.gnat.copyTag</tagclass>
        <bodycontent>JSP</bodycontent>
        <info>Copies a file, files or a directory and all its files and subdirectories.</info>
        <attribute>
            <name>file</name>
            <required>false</required>
            <rtexprvalue>true</rtexprvalue>
        </attribute>
        <attribute>
            <name>tofile</name>
            <required>false</required>
            <rtexprvalue>true</rtexprvalue>
        </attribute>
        <attribute>
            <name>todir</name>
            <required>false</required>
            <rtexprvalue>true</rtexprvalue>
        </attribute>
        <attribute>
            <name>overwrite</name>
            <required>false</required>
            <rtexprvalue>true</rtexprvalue>
        </attribute>
        <attribute>
            <name>filtering</name>
            <required>false</required>
            <rtexprvalue>true</rtexprvalue>
        </attribute>
        <attribute>
            <name>flatten</name>
            <required>false</required>
            <rtexprvalue>true</rtexprvalue>
        </attribute>
        <attribute>
            <name>includeEmptyDirs</name>
            <required>false</required>
            <rtexprvalue>true</rtexprvalue>
        </attribute>
        <script-variable>No</script-variable>
        <restrictions>For now, see Ant docs on the copy task</restrictions>
        <usage>
            <comment>
            </comment>
            <code>
            <![CDATA[<gnat:copy file="<%= tempdir+"/foodir" todir="<%= System.getProperty("user.dir") %>" %>" />]]> 
            </code>
        </usage>
    </tag>

    <!-- deltree tag -->    
    <tag>
        <name>deltree</name>
        <tagclass>org.apache.taglibs.gnat.deltreeTag</tagclass>
        <bodycontent>empty</bodycontent>
        <info>Deletes a directory and all its files and subdirectories.</info>
        <attribute>
            <name>dir</name>
            <required>true</required>
            <rtexprvalue>true</rtexprvalue>
        </attribute>
        <script-variable>No</script-variable>
        <restrictions>None</restrictions>
        <usage>
            <comment>
            Delete a directory under the current Web application's tmp directory.
            </comment>
            <code>
            <![CDATA[<gnat:deltree dir="<%= tempdir+"/foodir" %>" />]]> 
            </code>
        </usage>
    </tag>
    
    <!-- echo tag -->    
    <tag>
        <name>echo</name> 
        <tagclass>org.apache.taglibs.gnat.echoTag</tagclass>
        <bodycontent>jsp</bodycontent>
        <info>Echoes a message to the JSP output stream, or writes it to a file.</info>
        <attribute>
            <name>message</name>
            <required>false</required>
            <rtexprvalue>true</rtexprvalue>
        </attribute>
        <attribute>
            <name>file</name>
            <required>false</required>
            <rtexprvalue>true</rtexprvalue>
        </attribute>
        <attribute>
            <name>append</name>
            <required>false</required>
            <rtexprvalue>true</rtexprvalue>
        </attribute>
        <script-variable>No</script-variable>
        <restrictions>None</restrictions>
        <usage>
            <comment>
            Echo a string literal to JSP out via the message attribute.
            </comment>
            <code><![CDATA[<gnat:echo message="Hello, World!"/>]]></code>
        </usage>
        <usage>
            <comment>
            Echo a string literal and an expression to JSP out via opening and 
            closing tags. (The <i>time</i> variable is used in example 3 too.)
            </comment>
            <scriptlet>java.util.Date time = new java.util.Date();</scriptlet>
            <code>
            <![CDATA[<gnat:echo>
            Hi, here is a brief message and a dynamic date: <%= time %>.
            </gnat:echo>]]> 
            </code>
        </usage>
        <usage>
            <comment>
            Append the value of an expression to a file.
            </comment>
            <scriptlet>
            File tempdir = (File)application.getAttribute("javax.servlet.context.tempdir");
            </scriptlet>
            <scriptlet>String echoLog = tempdir+"/echoAppendLog.txt";</scriptlet>
            <scriptlet>
            String messageString = "Hello World. The time is: "+time+System.getProperty("line.separator");
            </scriptlet>
            <code>
            <![CDATA[<gnat:echo message="<%= messageString %>" append="true" file="<%= echoLog %>" />]]> 
            </code>
        </usage>
    </tag>

    <!-- fail tag -->    
    <tag>
        <name>fail</name> 
        <tagclass>org.apache.taglibs.gnat.exitTag</tagclass>
        <bodycontent>empty</bodycontent>
        <info>Stops processing the current JSP by immediately returning SKIP_PAGE, optionally logging a message.</info>
        <attribute>
            <name>message</name>
            <required>false</required>
            <rtexprvalue>true</rtexprvalue>
            <info>Optional message to log when the page fails.</info>
        </attribute>
        <script-variable>No</script-variable>
        <restrictions>None</restrictions>
        <usage>
            <comment>
            Exit the current JSP when it hits this tag, optionally logging a message through ServletContext.log().
            </comment>
            <code><![CDATA[<gnat:fail message="This JSP Failed!"/>]]></code>
        </usage>
    </tag>

    <!-- gzip tag -->    
    <tag>
        <name>gzip</name> 
        <tagclass>org.apache.taglibs.gnat.gzipTag</tagclass>
        <bodycontent>empty</bodycontent>
        <info>Creates a zip file.</info>
        <attribute>
            <name>src</name>
            <required>true</required>
            <rtexprvalue>true</rtexprvalue>
            <info>The file to zip.</info>
        </attribute>
        <attribute>
            <name>zipfile</name>
            <required>true</required>
            <rtexprvalue>true</rtexprvalue>
            <info>The filename of the zipped result, e.g., fooFile.gz or fooFile.Z.</info>
        </attribute>
        <script-variable>No</script-variable>
        <restrictions>None</restrictions>
        <usage>
            <comment>
            GZip a file (see &lt;gnat:echo&gt; example for <i>tempdir</i> 
            variable creation).  The <i>src</i> file is zipped with whatever 
            name and extension is given in the <i>zipfile</i> attribute.
            </comment>
            <scriptlet>final String foo = "/foo-file.txt";</scriptlet>
            <scriptlet>final String foozip = foo + ".gz";</scriptlet>
            <code>
            <![CDATA[<gnat:gzip src="<%= tempdir+foo %>" zipfile="<%= tempdir+foozip %>"/>]]> 
            </code>
        </usage>
    </tag>

    <!-- gunzip tag -->    
    <tag>
        <name>gunzip</name> 
        <tagclass>org.apache.taglibs.gnat.gunzipTag</tagclass>
        <bodycontent>empty</bodycontent>
        <info>Decompresses a zip file.</info>
        <attribute>
            <name>src</name>
            <required>true</required>
            <rtexprvalue>true</rtexprvalue>
            <info>An absolute path to the file to be unzipped.</info>
        </attribute>
        <attribute>
            <name>dest</name>
            <required>false</required>
            <rtexprvalue>true</rtexprvalue>
            <info>The [optional] destination file name.</info>
        </attribute>
        <script-variable>No</script-variable>
        <restrictions>None</restrictions>
        <usage>
            <comment>
            GUnzip a file. The <i>dest</i> attribute is optional and can be a 
            directory to unzip the file into, or can be a new file name.  If 
            <i>dest</i> is omitted, the parent dir of <i>src</i> is taken as the 
            destination (i.e., a copy of the file is unzipped in its current 
            directory). The file is only expanded if the <i>src</i> file is newer 
            than the <i>dest</i> file, or when the <i>dest</i> file does not exist.
            </comment>
            <scriptlet>final String foounzip = foo + ".unzipped.txt";</scriptlet>
            <code>
            <![CDATA[<gnat:gunzip src="<%= tempdir+foozip %>" dest="<%= tempdir+foodir+foounzip %>" />]]> 
            </code>
        </usage>
    </tag>
    
    <!-- ls tag -->    
    <tag>
        <name>ls</name>
        <tagclass>org.apache.taglibs.gnat.lsTag</tagclass>
        <teiclass>org.apache.taglibs.gnat.lsTEI</teiclass>
        <bodycontent>jsp</bodycontent>
        <info>Returns a directory listing.</info>
        <attribute>
            <name>dir</name>
            <required>true</required>
            <rtexprvalue>true</rtexprvalue>
            <info>An absolute file path to a directory.  Support for relative paths may be added in a future revision.</info>
        </attribute>
        <attribute>
            <name>id</name>
            <required>true</required>
            <rtexprvalue>true</rtexprvalue>
            <info>Script variable id for use with standard jsp:getProperty tag</info>
        </attribute>
        <script-variable>Yes, named via the "id" attribute</script-variable>
        <restrictions>None</restrictions>
        <usage>
            <comment>
            List the contents of a directory under the current Web application's tmp directory.
            </comment>
            <code>
            <![CDATA[<gnat:ls dir="<%= tempdir+"/foodir" %>" id="files" >
                         <jsp:getProperty name="files" property="items"/>
                     </gnat:ls>]]> 
            </code>
        </usage>
    </tag>

    <!-- mkdir tag -->    
    <tag>
        <name>mkdir</name> 
        <tagclass>org.apache.taglibs.gnat.mkdirTag</tagclass>
        <bodycontent>empty</bodycontent>
        <info>Creates a directory on the host file system.</info>
        <attribute>
            <name>dir</name>
            <required>true</required>
            <rtexprvalue>true</rtexprvalue>
            <info>An absolute path to a directory or a hierarchy of new directories to create (like UNIX mkdir -p).</info>
        </attribute>
        <attribute>
            <name>clobber</name>
            <required>false</required>
            <rtexprvalue>true</rtexprvalue>
            <info>Optional attribute for forcing mkdir to overwrite an existing directory structure.</info>
        </attribute>
        <script-variable>No</script-variable>
        <restrictions>None</restrictions>
        <usage>
            <comment>
            Name(s) of  directory(ies) to create.
            All the parent directories of <i>pickles</i> will be
            created if they don't already exist. See &lt;gnat:echo&gt; example 
            for creation of the <i>tempdir</i> variable. 
            </comment>
            <scriptlet>final String foodir = "/foodir/bar/baz/pickles";</scriptlet>
            <code><![CDATA[<gnat:mkdir dir="<%= tempdir+foodir %>"/>]]></code>
        </usage>
    </tag>

    <!-- move tag -->    
    <tag>
        <name>move</name>
        <tagclass>org.apache.taglibs.gnat.moveTag</tagclass>
        <bodycontent>JSP</bodycontent>
        <info>Moves a file, files or a directory and all its files and subdirectories.</info>
        <attribute>
            <name>file</name>
            <required>false</required>
            <rtexprvalue>true</rtexprvalue>
        </attribute>
        <attribute>
            <name>tofile</name>
            <required>false</required>
            <rtexprvalue>true</rtexprvalue>
        </attribute>
        <attribute>
            <name>todir</name>
            <required>false</required>
            <rtexprvalue>true</rtexprvalue>
        </attribute>
        <attribute>
            <name>overwrite</name>
            <required>false</required>
            <rtexprvalue>true</rtexprvalue>
        </attribute>
        <attribute>
            <name>filtering</name>
            <required>false</required>
            <rtexprvalue>true</rtexprvalue>
        </attribute>
        <attribute>
            <name>flatten</name>
            <required>false</required>
            <rtexprvalue>true</rtexprvalue>
        </attribute>
        <attribute>
            <name>includeEmptyDirs</name>
            <required>false</required>
            <rtexprvalue>true</rtexprvalue>
        </attribute>
        <script-variable>No</script-variable>
        <restrictions>For now, see Ant docs on the move task</restrictions>
        <usage>
            <comment>
            </comment>
            <code>
            <![CDATA[<gnat:move file="<%= tempdir+"/foodir" todir="<%= System.getProperty("user.dir") %>" %>" />]]> 
            </code>
        </usage>
    </tag>

    <!-- touch tag -->    
    <tag>
        <name>touch</name> 
        <tagclass>org.apache.taglibs.gnat.touchTag</tagclass>
        <bodycontent>empty</bodycontent>
        <info>Updates the last-modified time of files on the host file system, creating them if necessary.</info>
        <attribute>
            <name>file</name>
            <required>true</required>
            <rtexprvalue>true</rtexprvalue>
        </attribute>
        <attribute>
            <name>millis</name>
            <required>false</required>
            <rtexprvalue>true</rtexprvalue>
        </attribute>
        <attribute>
            <name>datetime</name>
            <required>false</required>
            <rtexprvalue>true</rtexprvalue>
        </attribute>
        <script-variable>No</script-variable>
        <restrictions>None</restrictions>
        <usage>
            <comment>
            Simple example of touching a file.  See &lt;gnat:echo&gt; example for creation of the <i>tempdir</i> variable.
            </comment>
            <scriptlet>final String foo = "/touched-file.txt";</scriptlet>
            <code><![CDATA[<gnat:touch file="<%= tempdir+foo %>"/>]]></code>
        </usage>
        <usage>
            <comment>
            The millis attribute value can be assigned dynamically by using an expression, like so.
            </comment>
            <code>
            <![CDATA[<gnat:touch file="<%= tempdir+foo %>" millis="<%= new java.util.Date().getTime() %>" />]]> 
            </code>
        </usage>
        <usage>
            <comment>
            Or millis can be assigned statically, using milliseconds since midnight Jan 1 1970...
            The example below sets the last modified time as <b>12/24/2000 21:15pm</b>.
            </comment>
            <code><![CDATA[<gnat:touch file="<%= tempdir+foo %>" millis="977710526363" />]]></code>
        </usage>
        <usage>
            <comment>
            Or millis can be assigned statically, using milliseconds since midnight Jan 1 1970...
            The datetime attribute value must be set in format: <b>MM/DD/YYYY HH:MM AM or PM</b>.
            </comment>
            <scriptlet>final String foo2 = "/second-touched-file.txt";</scriptlet>
            <code><![CDATA[<gnat:touch file="<%= tempdir+foo2 %>" datetime="06/28/1983 2:02 pm" />]]></code>
        </usage>
    </tag>
    <tag>
        <name>tstamp</name>
        <tagclass>org.apache.taglibs.gnat.tstampTag</tagclass>
        <teiclass>org.apache.taglibs.gnat.tstampTEI</teiclass>
        <bodycontent>empty</bodycontent>
        <info>Sets variables TSTAMP, DSTAMP and TODAY to current times, same as Ant task of same name.</info>
        <script-variable>Yes: TSTAMP, DSTAMP and TODAY</script-variable>
        <restrictions>Should only be used once in a page or else a duplicate variable exception will occur at translation time.</restrictions>
        <usage>
            <comment>
            Set the time stamp variables for the current page.
            </comment>
            <code>
            <![CDATA[<gnat:tstamp />]]> 
            </code>
        </usage>
    </tag>
</taglib>
</document>
