<?xml version="1.0" encoding="utf-8"?>
<config>
<!-- 
  Copyright 2004 The Apache Software Foundation.
 
  Licensed under the Apache License, Version 2.0 (the "License");
  you may not use this file except in compliance with the License.
  You may obtain a copy of the License at

      http://www.apache.org/licenses/LICENSE-2.0

  Unless required by applicable law or agreed to in writing, software
  distributed under the License is distributed on an "AS IS" BASIS,
  WITHOUT WARRANTIES OR CONDITIONS OF ANY KIND, either express or implied.
  See the License for the specific language governing permissions and
  limitations under the License.
-->
  <input>
    <property-list>
      <property name="incompletetimeout"  value="1s"/>
      <property name="completetimeout"  value="1s"/>
    </property-list>
    <prompt-list>
      <prompt>Please select how would you like to make the payment. The options are<enumerate/>.</prompt>
    </prompt-list>
    <help-list>
      <help>
        <prompt>Please select a payment method from the list. </prompt>
      </help>
    </help-list>
    <noinput-list>
      <noinput count="1">
        <prompt>I did not hear you speak the payment method.</prompt>
      </noinput>
      <noinput count="2">
        <prompt>Could you please repeat the payment method?</prompt>
      </noinput>
      <noinput count="3">
        <prompt>I appear to be having trouble hearing
        you. Waiting for you to select a payment method.</prompt>
      </noinput>
    </noinput-list>
    <nomatch-list>
      <nomatch>
        <prompt>I am sorry. I did not hear you speak the payment method.</prompt>
      </nomatch>
    </nomatch-list>
  </input>
  <confirm>
    <property-list>
      <property name="incompletetimeout" value="1s"/>
      <property name="completetimeout" value="1s"/>
    </property-list>
    <prompt-list>
        <prompt>I think you said #{model.utterance}. Is that right?  </prompt>
    </prompt-list>
    <help-list>
      <help>
        <prompt>To accept the payment method say yes to change your
              mind, say no.</prompt>
      </help>
    </help-list>
    <noinput-list>
      <noinput>
        <prompt>Do you want to pay using #{model.utterance}? Please 
	      			say yes or no.</prompt>
      </noinput>
    </noinput-list>
    <nomatch-list>
      <nomatch>
        <prompt>If #{model.utterance} is an acceptable payment method say
	      		 yes, otherwise say no.</prompt>
      </nomatch>
    </nomatch-list>
    <reject>
      <prompt>OK, lets try again.</prompt>
    </reject>
  </confirm>
  <validate>
    <handler errorCode="635463">
      <prompt>There is no default or initial payment method supplied.
      </prompt>
    </handler>
  </validate>
  <echo>
    <property-list>
      <property name="universals" value="all"/>
    </property-list>
    <prompt-list>
      <prompt>OK, #{model.utterance}. Got it.</prompt>
    </prompt-list>
  </echo>
</config>
