<?xml version="1.0" ?>
<!--
  Copyright 1999-2004 The Apache Software Foundation

  Licensed under the Apache License, Version 2.0 (the "License");
  you may not use this file except in compliance with the License.
  You may obtain a copy of the License at

      http://www.apache.org/licenses/LICENSE-2.0

  Unless required by applicable law or agreed to in writing, software
  distributed under the License is distributed on an "AS IS" BASIS,
  WITHOUT WARRANTIES OR CONDITIONS OF ANY KIND, either express or implied.
  See the License for the specific language governing permissions and
  limitations under the License.
-->

<document url="./cache.xml">

<properties>
  <title>Jakarta Project: Cache JSP Tag Library</title>
  <author>Shawn Bayern</author>
</properties>

<taglib>
  <tlib-version>1.0</tlib-version>
  <jsp-version>1.1</jsp-version>
  <short-name>cache</short-name>
  <uri>http://jakarta.apache.org/taglibs/cache-1.0</uri>
  <display-name>Cache Taglib</display-name>

  <!-- Used for generating Overview section of HTML documentation
       and for the description element for a JSP 1.2 TLD.
       Enter information here as straight XHTML paragraphs.  Inside the
       paragraphs regular XHTML can be used (but an external CSS is
       encouraged). The information is copied into the generated HTML doc,
       and the <p> elements are essential for that. --> 
  <description>
       <p>The Cache Taglib lets you cache fragments of your JSP pages.
       In a large web application where performance is important,
       caching might be appropriate at many levels within your
       architecture.  Caching fragments of JSP pages is the option
       that's simultaneously the most flexible and the most tedious
       (that is, the most noticeable to JSP page authors).  Using
       the Cache Taglib, you can mark individual sections of your
       JSP page as cacheable.</p>

       <p>Currently, the default cache lifetime is 5 minutes, and
       the default cache size is 64k.  These are both configurable
       by back-end Java developers using the CacheUtil class included
       with this library.</p>

       <p>Caching is a discipline whose details are probably best left
       unexposed to page authors in large environments.  Therefore,
       the Cache Taglib's interface has been designed to be as simple
       as possible.  The tag attributes let page authors "factor out"
       the dynamic nature of a page fragment into a simple <i>key</i>;
       fragments with the same key have interchangeable content.
       For example, in a fragment whose content depends only on who
       the current user is, <tt>${user}</tt> might be a good key.  Keys
       can be formed from more complex expressions too.  For instance,
       if a fragment's content depends on the current user <i>and</i>
       the user's chosen verbosity level, you might use an attribute
       like <tt>key="${user}.${verbosity}"</tt></p>

       <p>Note that the Cache Taglib currently uses the expression
       language (EL) from Beta1 of the JSTL reference implementation.</p>
  </description> 

 <!--
  <validator>
    <validator-class></validator-class>
    <init-param>
      <param-name></param-name>
      <param-value></param-value>
      <description></description>
    </init-param>
    <description></description>
  </validator>
  <listener>
    <listener-class></listener-class>
  </listener>
 -->

  <taglib-location>/WEB-INF/cache.tld</taglib-location>
  <prefix>cache</prefix>

  <requirements-info>
    This custom tag library requires no software other than a servlet container
    that supports the JavaServer Pages (JSP) Specification, version 1.1 or
    higher.  
  </requirements-info>

  <!-- The toc element allows the addition of document sections to
       the Table of Contents list after the Tag Reference entry.
       0 .. N sections can be added to the Table of Contents.

  <toc href="test" name="Testing">
    <p>This is a test of a TOC.</p>
  </toc>
        -->

  <!-- The tagtoc element provides the ability to categorize the
       tags in the tag library.  There must be at least one tagtoc.
       1 .. N tags can be nested within a tagtoc.
       -->

  <tagtoc name="Cache Tags">
    <tag>
      <name>cache</name> 
      <tag-class>org.apache.taglibs.cache.CacheTag</tag-class>
      <body-content>jsp</body-content>
      <display-name>cache</display-name>
      <!-- Complete description of this tag.  Used for JSP 1.2 TLD
           and for generating HTML documentation. -->
      <description>Caches a fragment of a JSP page.</description>

      <summary>Caches a fragment of a JSP page.</summary>
      <availability>1.0</availability>
      <restrictions>None</restrictions>

      <attribute>
        <name>scope</name>
        <required>no</required>
        <rtexprvalue>no</rtexprvalue>
        <description>
	   The scope (or extent) of the cache:  <tt>page</tt>,
           <tt>request</tt>, <tt>session</tt>, or <tt>application</tt>.
           For instance, page-scoped caches let you cache a value to be
           reused in a single JSP page.  The default <tt>scope</tt> is
           <tt>application</tt>.
        </description>
        <availability>1.0</availability>
      </attribute>

      <attribute>
        <name>name</name>
        <required>no</required>
        <rtexprvalue>no</rtexprvalue>
        <description>
	   The identifier of the cache to use.  Each cache's size
           and status are independent of the others.  You may use an 
           unlimited number of caches, but keep in mind that 10 different
           64k caches require a total of 640k of memory.  You may leave
           out the <tt>cache</tt> attribute, in which case a cache with
           the default name (<tt>""</tt>) is used.
        </description>
        <availability>1.0</availability>
      </attribute>

      <attribute>
        <name>key</name>
        <required>no</required>
        <rtexprvalue>no</rtexprvalue>
        <description>
	   The key under which to index the cached value.  Tags that use
           the same key within the same cache should have bodies that
           are interchangeable.
        </description>
        <availability>1.0</availability>
      </attribute>

      <!-- The entire example section is for usage examples that you want to
           have added to the HTML doc under "Example" for each tag.  The
           example section is also included with a JSP 1.2 TLD.  The
           contents of these elements are rendered into a simple form of
           syntax highlighting by the XSL sheet. Multiple usage sections
           are allowed, and each will be display as a separate example
           in the resultant HTML. -->
      <example>
        <usage>
          <comment>
            Caches the user's birthday.
          </comment>

          <code>
            <![CDATA[

		<cache:cache scope="application"
                   name="birthdays" key="${user}">
		   ... code that retrieves the user's birthday ...
                </cache:cache>
	   ]]> 
          </code>
        </usage>
      </example>

    </tag>

    <tag>
      <name>invalidate</name> 
      <tag-class>org.apache.taglibs.cache.InvalidateTag</tag-class>
      <body-content>jsp</body-content>
      <display-name>cache</display-name>
      <!-- Complete description of this tag.  Used for JSP 1.2 TLD
           and for generating HTML documentation. -->
      <description>Invalidates a cache entry or a whole cache.</description>

      <summary>Caches a fragment of a JSP page.</summary>
      <availability>1.0</availability>
      <restrictions>None</restrictions>

      <attribute>
        <name>scope</name>
        <required>no</required>
        <rtexprvalue>no</rtexprvalue>
        <description>
	   The scope (or extent) of the cache:  <tt>page</tt>,
           <tt>request</tt>, <tt>session</tt>, or <tt>application</tt>.
           For instance, page-scoped caches let you cache a value to be
           reused in a single JSP page.  The default <tt>scope</tt> is
           <tt>application</tt>.
        </description>
        <availability>1.0</availability>
      </attribute>

      <attribute>
        <name>name</name>
        <required>no</required>
        <rtexprvalue>no</rtexprvalue>
        <description>
	   The identifier of the cache on which to operate.  Note:
           if the <tt>key</tt> attribute is not specified, or if it
           evalutes to <tt>null</tt>, then the entire cache is destroyed.
        </description>
        <availability>1.0</availability>
      </attribute>

      <attribute>
        <name>key</name>
        <required>no</required>
        <rtexprvalue>no</rtexprvalue>
        <description>
	   The identifier for the particular cache entry to remove.
        </description>
        <availability>1.0</availability>
      </attribute>

      <!-- The entire example section is for usage examples that you want to
           have added to the HTML doc under "Example" for each tag.  The
           example section is also included with a JSP 1.2 TLD.  The
           contents of these elements are rendered into a simple form of
           syntax highlighting by the XSL sheet. Multiple usage sections
           are allowed, and each will be display as a separate example
           in the resultant HTML. -->
      <example>
        <usage>
          <comment>
            Invalidates a cache entry
          </comment>

          <code>
            <![CDATA[

		<cache:invalidate scope="application"
                   name="birthdays" key="${user}" />
	   ]]> 
          </code>
        </usage>
      </example>

    </tag>
  </tagtoc>

</taglib>

<!-- The following is used to generate the tag library revision history
     changes.html file. There can be 0 .. N revisions.  Each revision
     can have 0 .. N sections, each section can have 0 .. N items.
<revision release="{release-name}" date="MM/DD/YYYY">
  <description>
    Description of release.
  <description>
  <section name="New Features">
    <item>
      Added the Foo tag.
    </item>
  </section>
  <section name="Bugs Fixed">
    <item>
      Fixed the Bar tag.
    </item>
  </section>
  <section name="Deprecated">
    <item>
      The Test tag has been replaced by the Foo tag.
      The Test tag will be removed in a later release.
    </item>
  </section>

</revision>
    -->

<revision release="Development" date="04/02/2002">
  <description>
    Cache Taglib imported into CVS.
  </description>
</revision>
<revision release="Development" date="03/30/2002">
  <description>
    Work on the Cache Taglib initiated.
  </description>
</revision>

</document>
