<?xml version="1.0"?>
<!--
  Copyright 1999-2004 The Apache Software Foundation

  Licensed under the Apache License, Version 2.0 (the "License");
  you may not use this file except in compliance with the License.
  You may obtain a copy of the License at

      http://www.apache.org/licenses/LICENSE-2.0

  Unless required by applicable law or agreed to in writing, software
  distributed under the License is distributed on an "AS IS" BASIS,
  WITHOUT WARRANTIES OR CONDITIONS OF ANY KIND, either express or implied.
  See the License for the specific language governing permissions and
  limitations under the License.
-->
<document url="./intro.xml">

<!-- Change all instances of cache with the jakarta-taglib
     name for this tag library.

     Change all instances of Cache with the name to use
     for things such as titles in the tag library documentation.

     Change all instances of Shawn Bayern with your name, this is
     for things such as document author and list of contributors.

     If you are doing a release of the taglib, replace {release-version}
     with the version of the taglib.

     For a news item, replace date="MM/DD/YYYY" with the date.
     -->

<properties>
  <author>Shawn Bayern</author>
  <title>The Jakarta-Taglibs Project: Cache Tag Library</title>
</properties>

<body>

  <section name="Cache Tag Library" href="Welcome">

    <p>The Cache Taglib lets you cache fragments of your JSP pages.
       In a large web application where performance is important,
       caching might be appropriate at many levels within your
       architecture.  Caching fragments of JSP pages is the option
       that's simultaneously the most flexible and the most tedious
       (that is, the most noticeable to JSP page authors).  Using
       the Cache Taglib, you can mark individual sections of your
       JSP page as cacheable.</p>

  </section>

  <section name="Cache News" href="News">

    <news>
      <newsitem date="03/30/2002">
        Work on the Cache Taglib initiated.
      </newsitem>
    </news>

  </section>

  <section name="Documentation" href="Documentation">

  <p>For more information about the Cache Tag Library,
    look at the on-line documentation:
  <ul>
  <!-- Uncomment the below and modify as needed when doing a release
  <li>
    View the current release <a href="{release-name}/index.html">
    {display-name} 1.0 Beta 1 Taglib Documentation</a></li>
  -->
  <li>
    View the development version of the <a href="index.html">
    Cache Taglib Documentation</a>
  </li>
  </ul>
  </p>

  <p>For information on how to use the distributions,
    look at the following documentation:
  <ul>
    <li>Using the Jakarta-Taglibs
      <a href="http://jakarta.apache.org/taglibs/binarydist.html">
      Binary Distribution</a>
    </li>
    <li>Using the Jakarta-Taglibs
      <a href="http://jakarta.apache.org/taglibs/sourcedist.html">
      Source Distribution</a>
    </li>
  </ul>
  </p>

  </section>

  <section name="Download" href="Download">

  <p>Download a binary distribution of the {display-name} Tag Library
  <ul>
  <!-- Uncomment the below and modify as needed when doing a release
  <li>
    Download the Cache Tag Library 1.0 Release from an
    <a href="http://jakarta.apache.org/site/binindex.cgi#Release%20Builds">
    Apache Jakarta Project Mirror</a>
  </li>
  -->
  <li>
    Download the Cache Tag Library
    <a href="http://jakarta.apache.org/builds/jakarta-taglibs/nightly/projects/cache/">
    nightly development build</a>
  </li>
  </ul>
  </p>

  <p>The following distributions are also available for download:
  <ul>
  <li>
    Download
    <a href="http://jakarta.apache.org/builds/jakarta-taglibs/nightly/src/">
    Jakarta-Taglibs Source</a>
  </li>
  <li>
    Download entire
    <a href="http://jakarta.apache.org/builds/jakarta-taglibs/nightly">
    Jakarta-Taglibs Distribution</a>
  </li>
  </ul>
  </p>

  </section>

  <section name="Contributors" href="Contributors">

    <p>List of contributors:</p>

    <ul>
      <li>Shawn Bayern</li>
    </ul>

  </section>

  </body>

</document>
