<?xml version="1.0" ?>
<!--
  Copyright 1999-2004 The Apache Software Foundation

  Licensed under the Apache License, Version 2.0 (the "License");
  you may not use this file except in compliance with the License.
  You may obtain a copy of the License at

      http://www.apache.org/licenses/LICENSE-2.0

  Unless required by applicable law or agreed to in writing, software
  distributed under the License is distributed on an "AS IS" BASIS,
  WITHOUT WARRANTIES OR CONDITIONS OF ANY KIND, either express or implied.
  See the License for the specific language governing permissions and
  limitations under the License.
-->
<document url="./messenger.xml">
<properties>
  <title>Jakarta Project: JMS Tag Library</title>
  <author>James Strachan</author>
</properties>
<taglib>

  <tlib-version>1.0</tlib-version>
  <!-- Minimum version of JSP spec required -->
  <jsp-version>1.1</jsp-version>
  <!-- jakarta-taglib name of this tag library -->
  <short-name>jms</short-name>
  <!-- URI of taglib -->
  <uri>http://jakarta.apache.org/taglibs/jms-1.0</uri>
  <!-- The name to use in titles, etc. for the taglib -->
  <display-name>JMS Tag library: Tags for working with JMS</display-name>

  <description>

  <p>
  The JMS custom tag library contains tags which can be used to
  perform a variety of JMS related operations such as sending and receiving messages from inside JSP.
  </p>

  <p>Please refer to the <a href="Overview.html">detailed overview</a> for more details.</p>

</description> 
    
  <!-- The following elements are for JSP 1.2 tag libraries only,
       and are not used for generating documentation yet.

  <validator>

  </validator>
  <listener>

  </listener>
       -->

  <!-- The taglib-location is used to fill in the web.xml configuration
       information in the HTML doc. -->
  <taglib-location>/WEB-INF/jms.tld</taglib-location>
                   
  <!-- The prefix is used to fill in the taglib directive
       configuration information in the HTML doc. -->
  <prefix>jms</prefix>


  <requirements-info>
    This taglib is currently built on top of the 
    <a href="http://jakarta.apache.org/commons/sandbox/messenger/">Messenger</a> component from 
    <a href="http://jakarta.apache.org/commons/">Jakarta Commons</a>. 

    In addition a JMS implementation is required along with a servlet container
    that supports the JavaServer Pages Specification, version 1.1 or higher.  
  </requirements-info>

  <tagtoc name="JMS Tags">

    <!-- connection tag -->    
    <tag>
        <name>connection</name>
        <tag-class>org.apache.taglibs.jms.ConnectionTag</tag-class>
        <body-content>JSP</body-content>
        <description>
          Defines a JMS connection facade (Messenger instance) to be used by other JMS tags.
        </description>
        <attribute>
            <name>name</name>
            <required>true</required>
            <rtexprvalue>true</rtexprvalue>
            <description>
              The name of the Messenger connection to use
            </description>
        </attribute>
        <attribute>
            <name>var</name>
            <required>false</required>
            <rtexprvalue>true</rtexprvalue>
            <description>
              The JSP attribute variable that the JMS connection will be output as
            </description>
        </attribute>
        <restrictions>None</restrictions>
        <example><usage>
            <comment>
            </comment>
            <code><![CDATA[
<jms:connection name="OrderBus" var="myConn"/>
<jms:send connection="$myConn">
  <jms:destination name="INCOMING.ORDERS"/>
  <jms:message type="NewOrder"/>
</jms:send>

<jms:connection name="OrderBus">
  <jms:send>
    <jms:destination name="INCOMING.ORDERS"/>
    <jms:message type="NewOrder"/>
  </jms:send>
</jms:connection>
]]></code>
        </usage></example>
    </tag>

    <!-- send tag -->    
    <tag>
        <name>send</name>
        <tag-class>org.apache.taglibs.jms.SendTag</tag-class>
        <body-content>JSP</body-content>
        <description>
          Sends a JMS message to some destination. 
          The message and destination can be specified via attributes or via
          child tags as shown in the examples below.
        </description>
        <attribute>
            <name>connection</name>
            <required>false</required>
            <rtexprvalue>true</rtexprvalue>
            <description>
              The JMS connection facade (Messenger instance).
            </description>
        </attribute>
        <attribute>
            <name>destination</name>
            <required>false</required>
            <rtexprvalue>true</rtexprvalue>
            <description>
              The JMS Destination to send the message to
            </description>
        </attribute>
        <attribute>
            <name>message</name>
            <required>false</required>
            <rtexprvalue>true</rtexprvalue>
            <description>
              The JMS Message to send
            </description>
        </attribute>
        <restrictions>None</restrictions>
        <example><usage>
            <comment>
            </comment>
            <code><![CDATA[
<jms:send connection="$myConnection" destination="$myDest" message="$myMessage"/>

<jms:connection name="OrderBus">
  <jms:send>
    <jms:destination name="INCOMING.ORDERS"/>
    <jms:message type="NewOrder"/>
  </jms:send>
</jms:connection>
]]></code>
        </usage></example>
    </tag>

    <!-- receive tag -->    
    <tag>
        <name>receive</name>
        <tag-class>org.apache.taglibs.jms.ReceiveTag</tag-class>
        <body-content>JSP</body-content>
        <description>
          Receives a JMS message from a given destination blocking either forever or
          for a given timeout value until a message is received.
          The destination can be specified via an attribute or via
          a nested &lt;jms:destination&gt; tag as shown in the examples below.
        </description>
        <attribute>
            <name>var</name>
            <required>true</required>
            <rtexprvalue>true</rtexprvalue>
            <description>
              The name of the JSP scope attribute variable which gets defined 
              for the received message
            </description>
        </attribute>
        <attribute>
            <name>connection</name>
            <required>false</required>
            <rtexprvalue>true</rtexprvalue>
            <description>
              The JMS connection facade (Messenger instance).
            </description>
        </attribute>
        <attribute>
            <name>destination</name>
            <required>false</required>
            <rtexprvalue>true</rtexprvalue>
            <description>
              Defines the JMS Destination to use
            </description>
        </attribute>
        <attribute>
            <name>timeout</name>
            <required>false</required>
            <rtexprvalue>true</rtexprvalue>
            <description>
              An optional timeout value in milliseconds for which this tag will wait for a message.
              This timeout value should be greater than or equal to zero.                

              If no timeout value is specified then the tag to wait indefinitely until a message arrives.

              If a timeout value is specified and no message arrives before the timeout period expires 
              then a null message is returned.

              A value of 0 will cause the tag to return immedately (it is equivalent to the receiveNoWait() method in JMS and Messenger).
            </description>
        </attribute>
        <script-variable>No</script-variable>
        <restrictions>None</restrictions>
        <example><usage>
            <comment>
            </comment>
            <code><![CDATA[
<jms:receive var="msg" connection="$myConnection" destination="$myDest" timeout="1000"/>

<jms:connection name="OrderBus">
  <jms:receive var="msg">
    <jms:destination name="INCOMING.ORDERS"/>
  </jms:receive>
  <jx:expr value="$msg.text"/>
</jms:connection>
]]></code>
        </usage></example>
    </tag>


    <!-- destination tag -->    
    <tag>
        <name>destination</name>
        <tag-class>org.apache.taglibs.jms.DestinationTag</tag-class>
        <body-content>JSP</body-content>
        <description>
          Defines a JMS Destination to be used by other tags. 
          The name of the destination can either be specified using the 'name' attribute
          or the body content will be taken as being the destination name.
        </description>
        <attribute>
            <name>name</name>
            <required>false</required>
            <rtexprvalue>true</rtexprvalue>
            <description>
              The name of the Destination connection to use, otherwise the body content of
              this tag will be used.
            </description>
        </attribute>
        <attribute>
            <name>var</name>
            <required>false</required>
            <rtexprvalue>true</rtexprvalue>
            <description>
              The JSP attribute variable that the JMS Destination will be output as
            </description>
        </attribute>
        <restrictions>None</restrictions>
        <example><usage>
            <comment>
            </comment>
            <code><![CDATA[
<jms:destination var="myDest" connection="$myConn" name="SOME.WHERE"/>

<jms:connection name="Prices">
  <jms:destination var="myDest2" name="FOO.BAR.PRICES"/>
</jms:connection>

<jms:connection name="OrderBus">
  <jms:send>
    <jms:destination name="INCOMING.ORDERS"/>
    <jms:message type="NewOrder"/>
  </jms:send>
</jms:connection>

<jms:connection name="OrderBus">
  <jms:send>
    <jms:destination>INCOMING.ORDERS</jms:destination>
    <jms:message type="NewOrder"/>
  </jms:send>
</jms:connection>
]]></code>
        </usage></example>
    </tag>


    <!-- message tag -->    
    <tag>
        <name>message</name>
        <tag-class>org.apache.taglibs.jms.MessageTag</tag-class>
        <body-content>JSP</body-content>
        <description>
          Creates a JMS Message.
        </description>
        <attribute>
            <name>var</name>
            <required>false</required>
            <rtexprvalue>true</rtexprvalue>
            <description>
              The name of the JSP attribute variable that the message will be exported as.
            </description>
        </attribute>
        <attribute>
            <name>connection</name>
            <required>false</required>
            <rtexprvalue>true</rtexprvalue>
            <description>
              The JMS connection facade (Messenger instance).
            </description>
        </attribute>
        <attribute>
            <name>correlationID</name>
            <required>false</required>
            <rtexprvalue>true</rtexprvalue>
            <description>
              The JMS Correlation ID that is to be associated with this message
            </description>
        </attribute>
        <attribute>
            <name>replyTo</name>
            <required>false</required>
            <rtexprvalue>true</rtexprvalue>
            <description>
              The JMS Destination that should be used for replies to this message
            </description>
        </attribute>
        <attribute>
            <name>type</name>
            <required>false</required>
            <rtexprvalue>true</rtexprvalue>
            <description>
              The type of the JMS message. A JMS message can be given a type name to use which maybe used by the
              JMS provider to implement a message type repository.
            </description>
        </attribute>
        <script-variable>No</script-variable>
        <restrictions>None</restrictions>
        <example><usage>
            <comment>
            </comment>
            <code><![CDATA[
<jms:message var="msg2" connection="$myConn" replyTo="$someDest"/>

<jms:connection name="PurchaseOrders">
  <jms:message var="msg">
    <jms:property name="location" value="London"/>
    <jms:property name="country">England</jms:property>
  </jms:message>
</jms:connection>

<jms:connection name="PurchaseOrders">
  <jms:message var="msg" type="NewPurchaseOrder" correlationID="1234" replyTo="$myInbox"/>
</jms:connection>
]]></code>
        </usage></example>
    </tag>


    <!-- mapMessage tag -->    
    <tag>
        <name>mapMessage</name>
        <tag-class>org.apache.taglibs.jms.MapMessageTag</tag-class>
        <body-content>JSP</body-content>
        <description>
          Creates a JMS MapMessage. This tag may contain other &lt;jms:mapEntry&gt; tags or the body
          may be specified via the 'map' attribute.
        </description>
        <attribute>
            <name>var</name>
            <required>false</required>
            <rtexprvalue>true</rtexprvalue>
            <description>
              The name of the JSP attribute variable that the message will be exported as.
            </description>
        </attribute>
        <attribute>
            <name>connection</name>
            <required>false</required>
            <rtexprvalue>true</rtexprvalue>
            <description>
              The JMS connection facade (Messenger instance).
            </description>
        </attribute>
        <attribute>
            <name>correlationID</name>
            <required>false</required>
            <rtexprvalue>true</rtexprvalue>
            <description>
              The JMS Correlation ID that is to be associated with this message
            </description>
        </attribute>
        <attribute>
            <name>replyTo</name>
            <required>false</required>
            <rtexprvalue>true</rtexprvalue>
            <description>
              The JMS Destination that should be used for replies to this message
            </description>
        </attribute>
        <attribute>
            <name>type</name>
            <required>false</required>
            <rtexprvalue>true</rtexprvalue>
            <description>
              The type of the JMS message. A JMS message can be given a type name to use which maybe used by the
              JMS provider to implement a message type repository.
            </description>
        </attribute>
        <attribute>
            <name>map</name>
            <required>false</required>
            <rtexprvalue>true</rtexprvalue>
            <description>
              Specifies a Map of String keys and primitive values to be used as the body of the message.
            </description>
        </attribute>
        <script-variable>No</script-variable>
        <restrictions>None</restrictions>
        <example><usage>
            <comment>
            </comment>
            <code><![CDATA[
<jms:mapMessage var="msg2" connection="$myConn" map="$myEntries"/>

<jms:connection name="PurchaseOrders">
  <jms:send>
    <jms:destination name="NEW.ORDERS"/>    
    <jms:mapMessage>
      <jms:mapEntry name="x" value="$foo/>
      <jms:mapEntry name="y">some text</jms:mapEntry>
    </jms:mapMessage>
  </jms:send>
</jms:connection>
]]></code>
        </usage></example>
    </tag>

    <!-- objectMessage tag -->    
    <tag>
        <name>objectMessage</name>
        <tag-class>org.apache.taglibs.jms.ObjectMessageTag</tag-class>
        <body-content>JSP</body-content>
        <description>
          Creates a JMS ObjectMessage.
        </description>
        <attribute>
            <name>var</name>
            <required>false</required>
            <rtexprvalue>true</rtexprvalue>
            <description>
              The name of the JSP attribute variable that the message will be exported as.
            </description>
        </attribute>
        <attribute>
            <name>connection</name>
            <required>false</required>
            <rtexprvalue>true</rtexprvalue>
            <description>
              The JMS connection facade (Messenger instance).
            </description>
        </attribute>
        <attribute>
            <name>correlationID</name>
            <required>false</required>
            <rtexprvalue>true</rtexprvalue>
            <description>
              The JMS Correlation ID that is to be associated with this message
            </description>
        </attribute>
        <attribute>
            <name>replyTo</name>
            <required>false</required>
            <rtexprvalue>true</rtexprvalue>
            <description>
              The JMS Destination that should be used for replies to this message
            </description>
        </attribute>
        <attribute>
            <name>type</name>
            <required>false</required>
            <rtexprvalue>true</rtexprvalue>
            <description>
              The type of the JMS message. A JMS message can be given a type name to use which maybe used by the
              JMS provider to implement a message type repository.
            </description>
        </attribute>
        <attribute>
            <name>body</name>
            <required>false</required>
            <rtexprvalue>true</rtexprvalue>
            <description>
              The Serializable object used as the body of this JMS ObjectMessage.
            </description>
        </attribute>
        <script-variable>No</script-variable>
        <restrictions>None</restrictions>
        <example><usage>
            <comment>
            </comment>
            <code><![CDATA[
<jms:objectMessage var="msg2" connection="$myConn" body="$foo"/>

<jms:connection name="PurchaseOrders">
  <jms:send>
    <jms:destination name="NEW.ORDERS"/>    
    <jms:objectMessage body="$foo"/>
  </jms:send>
</jms:connection>
]]></code>
        </usage></example>
    </tag>


    <!-- textMessage tag -->    
    <tag>
        <name>textMessage</name>
        <tag-class>org.apache.taglibs.jms.TextMessageTag</tag-class>
        <body-content>JSP</body-content>
        <description>
          Creates a JMS TextMessage. The text body of the message can be specified via the 'body' attribute or via the content of this tag.
        </description>
        <attribute>
            <name>var</name>
            <required>false</required>
            <rtexprvalue>true</rtexprvalue>
            <description>
              The name of the JSP attribute variable that the message will be exported as.
            </description>
        </attribute>
        <attribute>
            <name>connection</name>
            <required>false</required>
            <rtexprvalue>true</rtexprvalue>
            <description>
              The JMS connection facade (Messenger instance).
            </description>
        </attribute>
        <attribute>
            <name>correlationID</name>
            <required>false</required>
            <rtexprvalue>true</rtexprvalue>
            <description>
              The JMS Correlation ID that is to be associated with this message
            </description>
        </attribute>
        <attribute>
            <name>replyTo</name>
            <required>false</required>
            <rtexprvalue>true</rtexprvalue>
            <description>
              The JMS Destination that should be used for replies to this message
            </description>
        </attribute>
        <attribute>
            <name>type</name>
            <required>false</required>
            <rtexprvalue>true</rtexprvalue>
            <description>
              The type of the JMS message. A JMS message can be given a type name to use which maybe used by the
              JMS provider to implement a message type repository.
            </description>
        </attribute>
        <attribute>
            <name>body</name>
            <required>false</required>
            <rtexprvalue>true</rtexprvalue>
            <description>
              The String used as the body of this JMS TextMessage.
            </description>
        </attribute>
        <script-variable>No</script-variable>
        <restrictions>None</restrictions>
        <example><usage>
            <comment>
            </comment>
            <code><![CDATA[
<jms:textMessage var="msg2" connection="$myConn" body="this is some text"/>

<jms:connection name="PurchaseOrders">
  <jms:send>
    <jms:destination name="NEW.ORDERS"/>    
    <jms:textMessage>
      this is some text
    </jms:textMessage>
  </jms:send>
</jms:connection>
]]></code>
        </usage></example>
    </tag>


    <!-- property tag -->    
    <tag>
        <name>property</name>
        <tag-class>org.apache.taglibs.jms.PropertyTag</tag-class>
        <body-content>JSP</body-content>
        <description>
          Defines a JMS header property which is added to the outer &lt;jms:message&gt; tag.
          The value of the header can be specified via the value attribute 
          otherwise the tags body is used as the value.
        </description>
        <attribute>
            <name>name</name>
            <required>true</required>
            <rtexprvalue>true</rtexprvalue>
            <description>
              Defines the name of the header to set.
            </description>
        </attribute>
        <attribute>
            <name>value</name>
            <required>false</required>
            <rtexprvalue>true</rtexprvalue>
            <description>
              Defines the value of the header. If this attribute is not specified then
              the body of this tag is used instead.
            </description>
        </attribute>
        <script-variable>No</script-variable>
        <restrictions>None</restrictions>
        <example><usage>
            <comment>
            </comment>
            <code><![CDATA[
<jms:message var="msg">
  <jms:property name="location" value="London"/>
  <jms:property name="country">England</jms:property>
</jms:message>
]]></code>
        </usage></example>
    </tag>

    <!-- mapEntry tag -->    
    <tag>
        <name>mapEntry</name>
        <tag-class>org.apache.taglibs.jms.MapEntryTag</tag-class>
        <body-content>JSP</body-content>
        <description>
          Defines an entry in a JMS MapMessage.
        </description>
        <attribute>
            <name>name</name>
            <required>true</required>
            <rtexprvalue>true</rtexprvalue>
            <description>
              Defines the name of the entry.
            </description>
        </attribute>
        <attribute>
            <name>value</name>
            <required>false</required>
            <rtexprvalue>true</rtexprvalue>
            <description>
              Defines the value of the entry. If this attribute is not specified then
              the body of this tag is used instead.
            </description>
        </attribute>
        <script-variable>No</script-variable>
        <restrictions>Should only be used within a &lt;jms:mapMessage&gt; tag</restrictions>
        <example><usage>
            <comment>
            </comment>
            <code><![CDATA[
<jms:mapMessage var="msg">
  <jms:mapEntry name="x" value="$foo"/>
  <jms:mapEntry name="y">someText</jms:mapEntry>
</jms:message>
]]></code>
        </usage></example>
    </tag>

  </tagtoc>
</taglib>



<revision release="Initial version" date="20/01/2002">
  <description>Initial check into CVS.
  </description>
</revision>

</document>
