<?xml version="1.0" encoding="UTF-8"?>
<manager>

  <!-- this example Messenger XML config file should work with J2EE SDK -->
  <!-- when running inside of a J2EE container                          -->

  <messenger name="topic">
    <jndi lookupName="TopicConnectionFactory">
<!--
    <jndi lookupName="java:comp/env/TopicConnectionFactory">
-->
      <property>
        <name>com.sun.jms.internal.java.naming.factory.initial</name>
        <value>com.sun.enterprise.naming.SerialInitContextFactory</value>
      </property>          
    </jndi>
  </messenger>

  <messenger name="queue">
    <jndi lookupName="QueueConnectionFactory">
<!--
    <jndi lookupName="java:comp/env/QueueConnectionFactory">
-->
      <property>
        <name>com.sun.jms.internal.java.naming.factory.initial</name>
        <value>com.sun.enterprise.naming.SerialInitContextFactory</value>
      </property>          
    </jndi>
  </messenger>

</manager>
