<?xml version="1.0" encoding="ISO-8859-1"?>
<employees>
  <employee id="123">
    <first-name>John</first-name>
    <last-name>Doe</last-name>
    <telephone>800-555-1212</telephone>
  </employee>
  <employee id="456">
    <first-name>Jane</first-name>
    <last-name>Smith</last-name>
    <telephone>888-555-1212</telephone>
  </employee>
  <employee id="789">
    <first-name>George</first-name>
    <last-name>Taylor</last-name>
    <telephone>555-555-1212</telephone>
  </employee>
</employees>

