<?xml version="1.0"?>
<!--
  Copyright 1999-2004 The Apache Software Foundation

  Licensed under the Apache License, Version 2.0 (the "License");
  you may not use this file except in compliance with the License.
  You may obtain a copy of the License at

      http://www.apache.org/licenses/LICENSE-2.0

  Unless required by applicable law or agreed to in writing, software
  distributed under the License is distributed on an "AS IS" BASIS,
  WITHOUT WARRANTIES OR CONDITIONS OF ANY KIND, either express or implied.
  See the License for the specific language governing permissions and
  limitations under the License.
-->
<document url="./intro.xml">

  <properties>
    <author>Rich Catlett</author>
    <title>The Jakarta-Taglibs Project: Random Tag Library</title>
  </properties>

  <body>


  <section name="Random Tag Library" href="Welcome">
  <p>This custom tag library is used to create random string and number generators.
  </p>

  </section>

  <section name="News" href="News">
    <news>
      <newsitem date="03/15/2004">
        Version 1.0.2 Released
      </newsitem>
      <newsitem date="12/01/2002">
        Version 1.0.1 Released
      </newsitem>
      <newsitem date="04/14/2002">
        Version 1.0 Released
      </newsitem>
    </news>
  </section>

  <section name="Documentation" href="Documentation">

  <p>For more information about the Random Tag Library, look at the on-line documentation:</p>
  <ul>
  <li>
    View the current release <a href="random-1.0/index.html">
    Random 1.0.2 Taglib Documentation</a></li>
  <li>
    View the development version of the <a href="index.html">
    Random Taglib Documentation</a>
  </li>
  </ul>

  <p>For information on how to use the distributions, look at the following documentation:</p>

  <ul>
  <li>Using the Jakarta-Taglibs <a href="http://jakarta.apache.org/taglibs/binarydist.html">Binary Distribution</a></li>
  <li>Using the Jakarta-Taglibs <a href="http://jakarta.apache.org/taglibs/sourcedist.html">Source Distribution</a></li>
  </ul>

  </section>

  <section name="Download" href="Download">

  <p>Download a binary distribution of the Random Tag Library
  <ul>                                                     
  <li>                                                     
    Download the Random Tag Library 1.0.2 Release from an
    <a href="http://jakarta.apache.org/site/binindex.cgi#Release%20Builds">
    Apache Jakarta Project Mirror</a>
  </li>                                                                       
  <li>             
    Download the Random Tag Library
    <a href="http://jakarta.apache.org/builds/jakarta-taglibs/nightly/projects/random/">
    nightly development build</a>                                                     
  </li>                                                                               
  </ul>                          
  </p>

  <p>The following distributions are also available for download:</p>
  <ul>
  <li>Download <a href="http://jakarta.apache.org/builds/jakarta-taglibs/nightly/src/">Jakarta-Taglibs Source</a></li>
  <li>Download entire <a href="http://jakarta.apache.org/builds/jakarta-taglibs/nightly">Jakarta-Taglibs Distribution</a></li>
  </ul>

  </section>

  <section name="Contributors" href="Contributors">
  <p>List of contributors:</p>

  <ul>
  <li>Rich Catlett</li>
  <li>Felipe Leme</li>
  </ul>

  </section>

  </body>
</document>
