<?xml version="1.0" encoding="ISO-8859-1" ?>
<list>
<!-- 
  Copyright 2004 The Apache Software Foundation.
 
  Licensed under the Apache License, Version 2.0 (the "License");
  you may not use this file except in compliance with the License.
  You may obtain a copy of the License at

      http://www.apache.org/licenses/LICENSE-2.0

  Unless required by applicable law or agreed to in writing, software
  distributed under the License is distributed on an "AS IS" BASIS,
  WITHOUT WARRANTIES OR CONDITIONS OF ANY KIND, either express or implied.
  See the License for the specific language governing permissions and
  limitations under the License.
-->
	<option value="citibank"> citibank </option>
	<option value="diners"> Diners club</option>
	<option value="master"> Master </option>
	<option value="visa"> Visa </option>
	<option value="chartered"> Standard Chartered </option>
	<option value="amex"> American Express </option>
	<option value="hsbc"> Hongkong and shanghai bank </option>
</list>

