<?xml version="1.0" encoding="utf-8"?>
<config>
<!-- 
  Copyright 2004 The Apache Software Foundation.
 
  Licensed under the Apache License, Version 2.0 (the "License");
  you may not use this file except in compliance with the License.
  You may obtain a copy of the License at

      http://www.apache.org/licenses/LICENSE-2.0

  Unless required by applicable law or agreed to in writing, software
  distributed under the License is distributed on an "AS IS" BASIS,
  WITHOUT WARRANTIES OR CONDITIONS OF ANY KIND, either express or implied.
  See the License for the specific language governing permissions and
  limitations under the License.
-->
  <input>
    <property-list>
      <property name="incompletetimeout"  value="1s"/>
      <property name="completetimeout"  value="1s"/>
    </property-list>
    <prompt-list>
        <prompt>Please specify the card expiry date.</prompt>
    </prompt-list>
    <help-list>
      <help>
        <prompt>Please specify the card expiry date, as a month followed by the year.</prompt>
      </help>
      <help>
        <prompt>For instance, say January 2009.</prompt>
      </help>
      <help>
        <prompt>You can also use alternate forms like 2008 December.</prompt>
      </help>
    </help-list>
    <noinput-list>
      <noinput>
        <prompt>I did not hear you speak the expiry date.</prompt>
      </noinput>
      <noinput>
        <prompt>Could you please repeat the expiry date?</prompt>
      </noinput>
      <noinput>
        <prompt>I appear to be having trouble hearing you. 
        Waiting for you to say an expiry date.</prompt>
      </noinput>
    </noinput-list>
    <nomatch-list>
      <nomatch>
        <prompt>I'm sorry, I was expecting an expiry date.</prompt>
      </nomatch>
      <nomatch>
        <prompt>Could you repeat that please?</prompt>
      </nomatch>
    </nomatch-list>
  </input>
  <confirm>
    <property-list>
      <property name="incompletetimeout" value="1s"/>
      <property name="completetimeout" value="1s"/>
    </property-list>
    <prompt-list>      
      <prompt>I think you said #{model.utterance}. Is that
      correct?</prompt>
    </prompt-list>
    <help-list>
      <help>
        <prompt>To accept #{model.utterance}, say yes. To provide a different value, say no.</prompt>
      </help>
    </help-list>
    <noinput-list>
      <noinput>
        <prompt>If expiry date is correct say yes otherwise say no.</prompt>
      </noinput>
    </noinput-list>
    <nomatch-list>
      <nomatch>
        <prompt>If expiry date is correct say yes otherwise say no.</prompt>
      </nomatch>
    </nomatch-list>
    <reject>
      <prompt>OK, lets try again.</prompt>
    </reject>
  </confirm>
  <validate>
    <handler errorCode="635463">
      <prompt>There is no default or initial date supplied. </prompt>
    </handler>
    <handler errorCode="1">
      <prompt>The expiry date you specified, #{model.utterance}, means this card has expired.</prompt>
    </handler>
  </validate>
  <echo>
    <property-list>
      <property name="universals" value="all"/>
    </property-list>
    <prompt-list>
      <prompt>OK, #{model.utterance}. Got it.</prompt>
    </prompt-list>
  </echo>
</config>
