<?xml version='1.0' encoding='utf-8'?>
<dm-config>
<!-- 
  Copyright 2004 The Apache Software Foundation.
 
  Licensed under the Apache License, Version 2.0 (the "License");
  you may not use this file except in compliance with the License.
  You may obtain a copy of the License at

      http://www.apache.org/licenses/LICENSE-2.0

  Unless required by applicable law or agreed to in writing, software
  distributed under the License is distributed on an "AS IS" BASIS,
  WITHOUT WARRANTIES OR CONDITIONS OF ANY KIND, either express or implied.
  See the License for the specific language governing permissions and
  limitations under the License.
-->
  <navigation>
    <initial>
      <condition lvalue="#{model.mode}" operation="equal-to" 
       rvalue="#{model.MODE_LONG}" target="ccType" />
      <condition lvalue="#{model.mode}" operation="equal-to" 
       rvalue="#{model.MODE_SHORT}" target="ccNumber" />
      <condition lvalue="#{model.mode}" operation="equal-to" 
       rvalue="#{model.MODE_TYPE}" target="ccType" />
      <condition lvalue="#{model.mode}" operation="equal-to" 
       rvalue="#{model.MODE_NUMBER}" target="ccNumber" />
      <condition lvalue="#{model.mode}" operation="equal-to" 
       rvalue="#{model.MODE_EXPIRY}" target="ccExpiry" />
      <condition lvalue="#{model.mode}" operation="equal-to" 
       rvalue="#{model.MODE_SECURITY}" target="ccSecurityCode" />
    </initial>
    <rule from="ccType">
      <condition lvalue="#{model.mode}" operation="equal-to"
       rvalue="#{model.MODE_LONG}" target="ccNumber" />
    </rule>
    <rule from="ccNumber">
      <condition lvalue="#{model.mode}" operation="equal-to"
       rvalue="#{model.MODE_LONG}" target="ccExpiry" />
      <condition lvalue="#{model.mode}" operation="equal-to"
       rvalue="#{model.MODE_SHORT}" target="ccExpiry" />
    </rule>
    <rule from="ccExpiry">
      <condition lvalue="#{model.mode}" operation="equal-to"
       rvalue="#{model.MODE_LONG}" target="ccSecurityCode" />
    </rule>
  </navigation>
</dm-config>
