<?xml version="1.0" encoding="utf-8"?>
<config>
<!-- 
  Copyright 2004 The Apache Software Foundation.
 
  Licensed under the Apache License, Version 2.0 (the "License");
  you may not use this file except in compliance with the License.
  You may obtain a copy of the License at

      http://www.apache.org/licenses/LICENSE-2.0

  Unless required by applicable law or agreed to in writing, software
  distributed under the License is distributed on an "AS IS" BASIS,
  WITHOUT WARRANTIES OR CONDITIONS OF ANY KIND, either express or implied.
  See the License for the specific language governing permissions and
  limitations under the License.
-->
  <input>
    <property-list>
      <property name="incompletetimeout"  value="1s"/>
      <property name="completetimeout"  value="1s"/>
    </property-list>
    <prompt-list>
        <prompt>Please specify the country.</prompt>
    </prompt-list>
    <help-list>
      <help>
        <prompt> Please specify the  country again. </prompt>
      </help>
      <help>
        <prompt> For instance, say "United States of America". </prompt>
      </help>
      <help>
        <prompt> You can also use alternate forms like U.S.A or United States</prompt>
      </help>
    </help-list>
    <noinput-list>
      <noinput>
        <prompt>I did not hear you speak the country.</prompt>
      </noinput>
      <noinput>
        <prompt>Could you please repeat the country?</prompt>
      </noinput>
      <noinput>
        <prompt>I appear to be having trouble hearing you. 
        Waiting for you to say the  country. </prompt>
      </noinput>
    </noinput-list>
    <nomatch-list>
      <nomatch>
        <prompt>I did not hear you speak the country. </prompt>
      </nomatch>
      <nomatch>
        <prompt>Please repeat the country.</prompt>
      </nomatch>
    </nomatch-list>
  </input>
  <confirm>
    <property-list>
      <property name="incompletetimeout" value="1s"/>
      <property name="completetimeout" value="1s"/>
    </property-list>
    <prompt-list>
      
        <prompt>I think you said #{model.utterance}. Is that
      right? </prompt>
    </prompt-list>
    <help-list>
      <help>
        <prompt>To accept country, say yes. To change your mind, say no.</prompt>
      </help>
    </help-list>
    <noinput-list>
      <noinput>
        <prompt>If country is acceptable say yes otherwise say no. </prompt>
      </noinput>
    </noinput-list>
    <nomatch-list>
      <nomatch>
        <prompt>If country is acceptable say yes otherwise say no. </prompt>
      </nomatch>
    </nomatch-list>
  </confirm>
  <validate>    
    <handler errorCode="635463">
      <prompt>I'm sorry, but there is no default or initial value available.
      </prompt>
    </handler>  
   </validate>
  <echo>
    <property-list>
      <property name="universals" value="all"/>
    </property-list>
    <prompt-list>
      <prompt>OK, #{model.utterance}. Got it.</prompt>
    </prompt-list>
  </echo>
  <reject>
    <prompt-list>
      <prompt>OK, lets try again. What was that country?</prompt>
    </prompt-list>
  </reject>
</config>
