<?xml version="1.0" encoding="utf-8"?>
<config>
<!-- 
  Copyright 2004 The Apache Software Foundation.
 
  Licensed under the Apache License, Version 2.0 (the "License");
  you may not use this file except in compliance with the License.
  You may obtain a copy of the License at

      http://www.apache.org/licenses/LICENSE-2.0

  Unless required by applicable law or agreed to in writing, software
  distributed under the License is distributed on an "AS IS" BASIS,
  WITHOUT WARRANTIES OR CONDITIONS OF ANY KIND, either express or implied.
  See the License for the specific language governing permissions and
  limitations under the License.
-->
  <input>
    <property-list>
      <property name="incompletetimeout"  value="1s"/>
      <property name="completetimeout"  value="1s"/>
    </property-list>
    <prompt-list>
        <prompt>Please specify a duration.</prompt>
    </prompt-list>
    <help-list>
      <help>
        <prompt> Please specify a complete duration. </prompt>
      </help>
      <help>
        <prompt> For instance, say 2 years 7 months and 10 days. </prompt>
      </help>
      <help>
        <prompt> You can also use alternate forms like 2 years,10 months,3 days,2 months 3days
                 ,2 years 4 months,2 years 15 days.</prompt>
      </help>
    </help-list>
    <noinput-list>
      <noinput>
        <prompt>I did not hear you speak a duration.</prompt>
      </noinput>
      <noinput>
        <prompt>Could you please repeat the duration?</prompt>
      </noinput>
      <noinput>
        <prompt>I appear to be having trouble hearing you. 
        Waiting for you to say a  duration. </prompt>
      </noinput>
    </noinput-list>
    <nomatch-list>
      <nomatch>
        <prompt>I did not hear you speak a duration. </prompt>
      </nomatch>
      <nomatch>
        <prompt>Please repeat the duration.</prompt>
      </nomatch>
    </nomatch-list>
  </input>
  <confirm>
    <property-list>
      <property name="incompletetimeout" value="1s"/>
      <property name="completetimeout" value="1s"/>
    </property-list>
    <prompt-list>
      
        <prompt>I think you said #{model.utterance}. Is that
      right? </prompt>
    </prompt-list>
    <help-list>
      <help>
        <prompt>To accept duration, say yes. To change your mind, say no.</prompt>
      </help>
    </help-list>
    <noinput-list>
      <noinput>
        <prompt>If duration is acceptable say yes otherwise say no. </prompt>
      </noinput>
    </noinput-list>
    <nomatch-list>
      <nomatch>
        <prompt>If duration is acceptable say yes otherwise say no. </prompt>
      </nomatch>
    </nomatch-list>
  </confirm>
  <validate>
    <handler errorCode="635463">
      <prompt>
        I'm sorry, but there is no default or initial value available.
      </prompt>
    </handler>    
    <handler errorCode="1">
      <prompt>
       The duration you specified, #{model.utterance}, is not valid.
      </prompt>
    </handler>
    <handler errorCode="2">
      <prompt>
       Please specify a shorter duration.
      </prompt>
    </handler>
    <handler errorCode="3">
      <prompt>
       Please specify a longer duration.
      </prompt>
    </handler>
    
  </validate>
  <echo>
    <property-list>
      <property name="universals" value="all"/>
    </property-list>
    <prompt-list>
      <prompt>OK, #{model.utterance}. Got it.</prompt>
    </prompt-list>
  </echo>
  <reject>
    <prompt-list>
      <prompt>OK, lets try again. What was that duration?</prompt>
    </prompt-list>
  </reject>
</config>
