<?xml version="1.0"?>
<!--
  Copyright 1999-2004 The Apache Software Foundation

  Licensed under the Apache License, Version 2.0 (the "License");
  you may not use this file except in compliance with the License.
  You may obtain a copy of the License at

      http://www.apache.org/licenses/LICENSE-2.0

  Unless required by applicable law or agreed to in writing, software
  distributed under the License is distributed on an "AS IS" BASIS,
  WITHOUT WARRANTIES OR CONDITIONS OF ANY KIND, either express or implied.
  See the License for the specific language governing permissions and
  limitations under the License.
-->
<document url="./intro.xml">

  <properties>
    <author>Glenn Nielsen</author>
    <title>The Jakarta-Taglibs Project: Regexp Tag Library</title>
  </properties>

  <body>


  <section name="Regexp Tag Library" href="Welcome">
  <p>The Regexp custom tag library contains tags which can
     be used to perform Perl syntax regular expressions.</p>
  <p>These tags implement the 3 most common Perl5 operations
     involving regular expressions:</p>

  <ul>
  <li>[m]/pattern/[i][m][s][x] </li>
  <li>s/pattern/replacement/[g][i][m][o][s][x] </li>
  <li>and split() </li>
  </ul>

  <p>As with Perl, any non-alphanumeric character can be used
     in lieu of the slashes.</p>
  </section>

  <section name="News" href="News">
    <news>
      <newsitem date="12/1/2002">
        Version 1.0.1 Released
      </newsitem>
      <newsitem date="04/14/2002">
        Version 1.0 Released
      </newsitem>
      <newsitem date="07/22/2001">
        Version 1.0 Beta 1 Released
      </newsitem>
    </news>
  </section>

  <section name="Documentation" href="Documentation">

  <p>For more information about the Regexp Tag Library,
    look at the on-line documentation:
  <ul>
  <li>
    View the current release <a href="regexp-1.0/index.html">
    Regexp 1.0.1 Taglib Documentation</a></li>
  <li>
    View the development version of the <a href="index.html">
    Regexp Taglib Documentation</a>
  </li>
  </ul>
  </p>

  <p>For information on how to use the distributions,
    look at the following documentation:
  <ul>
    <li>Using the Jakarta-Taglibs
      <a href="http://jakarta.apache.org/taglibs/binarydist.html">
      Binary Distribution</a>
    </li>
    <li>Using the Jakarta-Taglibs
      <a href="http://jakarta.apache.org/taglibs/sourcedist.html">
      Source Distribution</a>
    </li>
  </ul>
  </p>

  </section>

  <section name="Download" href="Download">

  <p>Download a binary distribution of the Regexp Tag Library
  <ul>
  <li>
    Download the Regexp Tag Library 1.0.1 Release from an
    <a href="http://jakarta.apache.org/site/binindex.cgi#Release%20Builds">
    Apache Jakarta Project Mirror</a>
  </li>
  <li>
    Download the Regexp Tag Library
    <a href="http://jakarta.apache.org/builds/jakarta-taglibs/nightly/projects/regexp/">
    nightly development build</a>
  </li>
  </ul>
  </p>

  <p>The following distributions are also available for download:
  <ul>
  <li>
    Download
    <a href="http://jakarta.apache.org/builds/jakarta-taglibs/nightly/src/">
    Jakarta-Taglibs Source</a>
  </li>
  <li>
    Download entire
    <a href="http://jakarta.apache.org/builds/jakarta-taglibs/nightly">
    Jakarta-Taglibs Distribution</a>
  </li>
  </ul>
  </p>

  </section>

  <section name="Contributors" href="Contributors">
  <p>List of contributors:</p>

  <ul>
  <li>Glenn Nielsen</li>
  </ul>

  </section>

  </body>
</document>
