<?xml version="1.0" ?>
<!--
	Copyright 1999-2004 The Apache Software Foundation
	
	Licensed under the Apache License, Version 2.0 (the "License");
	you may not use this file except in compliance with the License.
	You may obtain a copy of the License at
	
	http://www.apache.org/licenses/LICENSE-2.0
	
	Unless required by applicable law or agreed to in writing, software
	distributed under the License is distributed on an "AS IS" BASIS,
	WITHOUT WARRANTIES OR CONDITIONS OF ANY KIND, either express or implied.
	See the License for the specific language governing permissions and
	limitations under the License.
-->

<document url="./input.xml">

	<!-- More properties can be added.  Good place to stick loose
		data needed elsewhere. -->
	<properties>
		<!-- The title here overrides the title generated by the 
			stylesheet for the documentation HTML <title> tag
			<title>Jakarta Project: Input JSP Tag Library</title>
		-->
		<!-- The name here is used in the HTML <meta name="author"...> tag -->
		<author>Shawn Bayern</author>
	</properties>

	<!-- The following defines elements uses both to create the taglib
		documentation and the tag library descriptor .tld file.  The
		elements used are those from the JSP 1.2 TLD DTD and special
		elements used when creating the tagib documentation.  Although
		the JSP1.2 TLD DTD is used, this document can be used to
		generate both a JSP 1.1 and a JSP 1.2 TLD.
	-->
	<taglib>
		<!-- The following elements are from the JSP 1.2 TLD DTD -->
		<!-- Version number of this tagib -->
		<tlib-version>1.0</tlib-version>
		<!-- Minimum version of JSP spec required -->
		<jsp-version>1.1</jsp-version>
		<!-- jakarta-taglib name of this tag library -->
		<short-name>input</short-name>
		<!-- URI of taglib -->
		<uri>http://jakarta.apache.org/taglibs/input-1.0</uri>
		<!-- The name to use in titles, etc. for the taglib -->
		<display-name>Input Tag library</display-name>

		<!-- JSP 1.2 tag library DTD only, not used for generating
			documentation.
			
			<small-icon></small-icon>
			<large-icon></large-icon>
		-->

		<!-- Used for generating Overview section of HTML documentation
			and for the description element for a JSP 1.2 TLD.
			Enter information here as straight XHTML paragraphs.  Inside the
			paragraphs regular XHTML can be used (but an external CSS is
			encouraged). The information is copied into the generated HTML doc,
			and the <p> elements are essential for that. -->
		<description>
			<p>
				The "input" tag extension library lets you present HTML
				&lt;form&gt; elements that are tied to the
				ServletRequest that caused the current JSP page to run,
				or to a JavaBean. That is, using this library, you can
				easily prepopulate form elements with prior values that
				the user has chosen -- or with default values for the
				first time a user hits a web page. This is useful when
				you need to present the same page to the user several
				times (e.g., for server-side validation).
			</p>

			<p>
				You can also automatically build up &lt;select&gt;
				boxes, making it easier to build data-driven forms. And
				even if you don't present the same page multiple times,
				you may want form elements that have default values;
				this library lets you do that without writing excessive
				logic.
			</p>

			<p>
				What is the "Input" tag library?
				<a href="input.html">Read more.</a>
			</p>
		</description>

		<!-- The following elements are for JSP 1.2 tag libraries only,
			and are not used for generating documentation yet.
			
			<validator>
			<validator-class></validator-class>
			<init-param>
			<param-name></param-name>
			<param-value></param-value>
			<description></description>
			</init-param>
			<description></description>
			</validator>
			<listener>
			<listener-class></listener-class>
			</listener>
		-->

		<!-- The taglib-location is used to fill in the web.xml configuration
			information in the HTML doc. -->
		<taglib-location>/WEB-INF/taglibs-input.tld</taglib-location>

		<!-- The prefix is used to fill in the taglib directive
			configuration information in the HTML doc. -->
		<prefix>input</prefix>

		<!-- This element must be straight text and is copied right into
			the "Requirements" section of the HTML doc. -->
		<requirements-info>
			This custom tag library requires no software other than a
			servlet container that supports the JavaServer Pages
			Specification, version 1.1 or higher. Plus any requirements
			for additional API packages.
		</requirements-info>

		<!-- The toc element allows the addition of document sections to
			the Table of Contents list after the Tag Reference entry.
			0 .. N sections can be added to the Table of Contents.
			
			<toc href="test" name="Testing">
			<p>This is a test of a TOC.</p>
			</toc>
		-->
		<!-- The tagtoc element provides the ability to categorize the
			tags in the tag library.  There must be at least one tagtoc.
			1 .. N tags can be nested within a tagtoc.
		-->

		<tagtoc name="Input Tags">
			<!-- form tag -->
			<tag>
				<name>form</name>
				<tag-class>org.apache.taglibs.input.Form</tag-class>
				<!-- Optional TEI class
					<tei-class>org.apache.taglibs.foo.fooTEI</tei-class>
				-->
				<body-content>JSP</body-content>

				<!-- JSP 1.2, display name of tag -->
				<display-name>form</display-name>

				<!-- JSP 1.2 tag library DTD only, not used for generating
					documentation.
					
					<small-icon></small-icon>
					<large-icon></large-icon>
				-->
				<!-- Complete description of this tag.  Used for JSP 1.2 TLD
					and for generating HTML documentation. -->
				<description>
					Creates a form tag. See
					<a href="usage.html#form">Usage</a>
					page.
				</description>

				<!-- The next three non-standard elements are used to inform the relevant
					sections of the HTML doc.  See, for example, the Regexp
					taglib docs for examples of the output. -->
				<!-- One line summary of what tag does for Tag Summary section -->
				<summary>Creates a form tag</summary>
				<!-- Version of taglib when this tag became available,
					deprecated is a possible value. -->
				<availability>1.1</availability>
				<!-- Any restrictions on use of the tag -->
				<restrictions>None</restrictions>

				<attribute>
					<name>name</name>
					<required>false</required>
					<rtexprvalue>true</rtexprvalue>
					<!-- Optional attribute type for JSP 1.2 rtexprvalue
						<type>java.lang.String</type>
					-->
					<!-- Used for JSP 1.2 TLD and generating HTML docs -->
					<description>form name</description>
					<!-- Used for the HTML documentation only.
						Version of taglib when this attribute became available,
						deprecated is a possible value. -->
					<availability>1.1</availability>
				</attribute>
				<attribute>
					<name>attributes</name>
					<required>false</required>
					<rtexprvalue>true</rtexprvalue>
					<!-- Optional attribute type for JSP 1.2 rtexprvalue
						<type>java.util.Map</type>
					-->
					<!-- Used for JSP 1.2 TLD and generating HTML docs -->
					<description>extra form attributes</description>
					<!-- Used for the HTML documentation only.
						Version of taglib when this attribute became available,
						deprecated is a possible value. -->
					<availability>1.1</availability>
				</attribute>
				<attribute>
					<name>attributesText</name>
					<required>false</required>
					<rtexprvalue>true</rtexprvalue>
					<description>
						extra form attributes as text
					</description>
					<availability>1.1</availability>
				</attribute>
				<attribute>
					<name>bean</name>
					<required>false</required>
					<rtexprvalue>true</rtexprvalue>
					<description>
						id of the bean to use as the default bean for
						input elements in the form
					</description>
					<availability>1.1</availability>
				</attribute>
				<attribute>
					<name>method</name>
					<required>false</required>
					<rtexprvalue>true</rtexprvalue>
					<description>form method</description>
					<availability>1.1</availability>
				</attribute>
				<attribute>
					<name>action</name>
					<required>false</required>
					<rtexprvalue>true</rtexprvalue>
					<description>
						form action. The url will be passed through
						response.encodeURL(String) to add session
						tracking if necessary.
					</description>
					<availability>1.1</availability>
				</attribute>
				<attribute>
					<name>encType</name>
					<required>false</required>
					<rtexprvalue>true</rtexprvalue>
					<description>form encoding type</description>
					<availability>1.1</availability>
				</attribute>
			</tag>


			<!-- text tag -->
			<tag>
				<name>text</name>
				<tag-class>org.apache.taglibs.input.Text</tag-class>
				<!-- Optional TEI class
					<tei-class>org.apache.taglibs.foo.fooTEI</tei-class>
				-->
				<body-content>empty</body-content>

				<!-- JSP 1.2, display name of tag -->
				<display-name>text</display-name>

				<!-- JSP 1.2 tag library DTD only, not used for generating
					documentation.
					
					<small-icon></small-icon>
					<large-icon></large-icon>
				-->
				<!-- Complete description of this tag.  Used for JSP 1.2 TLD
					and for generating HTML documentation. -->
				<description>
					Displays a one-line text-entry box. See
					<a href="usage.html#text">Usage</a>
					page.
				</description>

				<!-- The next three non-standard elements are used to inform the relevant
					sections of the HTML doc.  See, for example, the Regexp
					taglib docs for examples of the output. -->
				<!-- One line summary of what tag does for Tag Summary section -->
				<summary>Displays a one-line text-entry box</summary>
				<!-- Version of taglib when this tag became available,
					deprecated is a possible value. -->
				<availability>1.0</availability>
				<!-- Any restrictions on use of the tag -->
				<restrictions>None</restrictions>

				<attribute>
					<name>name</name>
					<required>true</required>
					<rtexprvalue>true</rtexprvalue>
					<!-- Optional attribute type for JSP 1.2 rtexprvalue
						<type>java.lang.String</type>
					-->
					<!-- Used for JSP 1.2 TLD and generating HTML docs -->
					<description>text box name</description>
					<!-- Used for the HTML documentation only.
						Version of taglib when this attribute became available,
						deprecated is a possible value. -->
					<availability>1.0</availability>
				</attribute>
				<attribute>
					<name>default</name>
					<required>false</required>
					<rtexprvalue>true</rtexprvalue>
					<!-- Optional attribute type for JSP 1.2 rtexprvalue
						<type>java.lang.String</type>
					-->
					<!-- Used for JSP 1.2 TLD and generating HTML docs -->
					<description>text box default value</description>
					<!-- Used for the HTML documentation only.
						Version of taglib when this attribute became available,
						deprecated is a possible value. -->
					<availability>1.0</availability>
				</attribute>
				<attribute>
					<name>attributes</name>
					<required>false</required>
					<rtexprvalue>true</rtexprvalue>
					<!-- Optional attribute type for JSP 1.2 rtexprvalue
						<type>java.util.Map</type>
					-->
					<!-- Used for JSP 1.2 TLD and generating HTML docs -->
					<description>extra text box attributes</description>
					<!-- Used for the HTML documentation only.
						Version of taglib when this attribute became available,
						deprecated is a possible value. -->
					<availability>1.0</availability>
				</attribute>
				<attribute>
					<name>attributesText</name>
					<required>false</required>
					<rtexprvalue>true</rtexprvalue>
					<description>
						extra text box attributes as text
					</description>
					<availability>1.1</availability>
				</attribute>
				<attribute>
					<name>bean</name>
					<required>false</required>
					<rtexprvalue>true</rtexprvalue>
					<description>
						id of the bean to get default value from. Empty
						string means no bean (not even the default from
						the form tag, if supplied)
					</description>
					<availability>1.1</availability>
				</attribute>
				<attribute>
					<name>size</name>
					<required>false</required>
					<rtexprvalue>true</rtexprvalue>
					<description>size of the text box</description>
					<availability>1.1</availability>
				</attribute>
			</tag>

			<!-- password tag -->
			<tag>
				<name>password</name>
				<tag-class>org.apache.taglibs.input.Password</tag-class>
				<!-- Optional TEI class
					<tei-class>org.apache.taglibs.foo.fooTEI</tei-class>
				-->
				<body-content>empty</body-content>

				<!-- JSP 1.2, display name of tag -->
				<display-name>password</display-name>

				<!-- JSP 1.2 tag library DTD only, not used for generating
					documentation.
					
					<small-icon></small-icon>
					<large-icon></large-icon>
				-->
				<!-- Complete description of this tag.  Used for JSP 1.2 TLD
					and for generating HTML documentation. -->
				<description>
					Displays a one-line password-entry box. See
					<a href="usage.html#password">Usage</a>
					page.
				</description>

				<!-- The next three non-standard elements are used to inform the relevant
					sections of the HTML doc.  See, for example, the Regexp
					taglib docs for examples of the output. -->
				<!-- One line summary of what tag does for Tag Summary section -->
				<summary>
					Displays a one-line password-entry box
				</summary>
				<!-- Version of taglib when this tag became available,
					deprecated is a possible value. -->
				<availability>1.1</availability>
				<!-- Any restrictions on use of the tag -->
				<restrictions>None</restrictions>

				<attribute>
					<name>name</name>
					<required>true</required>
					<rtexprvalue>true</rtexprvalue>
					<!-- Optional attribute type for JSP 1.2 rtexprvalue
						<type>java.lang.String</type>
					-->
					<!-- Used for JSP 1.2 TLD and generating HTML docs -->
					<description>password box name</description>
					<!-- Used for the HTML documentation only.
						Version of taglib when this attribute became available,
						deprecated is a possible value. -->
					<availability>1.1</availability>
				</attribute>
				<attribute>
					<name>default</name>
					<required>false</required>
					<rtexprvalue>true</rtexprvalue>
					<!-- Optional attribute type for JSP 1.2 rtexprvalue
						<type>java.lang.String</type>
					-->
					<!-- Used for JSP 1.2 TLD and generating HTML docs -->
					<description>
						password box default value
					</description>
					<!-- Used for the HTML documentation only.
						Version of taglib when this attribute became available,
						deprecated is a possible value. -->
					<availability>1.1</availability>
				</attribute>
				<attribute>
					<name>attributes</name>
					<required>false</required>
					<rtexprvalue>true</rtexprvalue>
					<!-- Optional attribute type for JSP 1.2 rtexprvalue
						<type>java.util.Map</type>
					-->
					<!-- Used for JSP 1.2 TLD and generating HTML docs -->
					<description>
						extra password box attributes
					</description>
					<!-- Used for the HTML documentation only.
						Version of taglib when this attribute became available,
						deprecated is a possible value. -->
					<availability>1.1</availability>
				</attribute>
				<attribute>
					<name>attributesText</name>
					<required>false</required>
					<rtexprvalue>true</rtexprvalue>
					<description>
						extra text box attributes as text
					</description>
					<availability>1.1</availability>
				</attribute>
				<attribute>
					<name>bean</name>
					<required>false</required>
					<rtexprvalue>true</rtexprvalue>
					<description>
						id of the bean to get default value from. Empty
						string means no bean (not even the default from
						the form tag, if supplied)
					</description>
					<availability>1.1</availability>
				</attribute>
				<attribute>
					<name>size</name>
					<required>false</required>
					<rtexprvalue>true</rtexprvalue>
					<description>size of the password box</description>
					<availability>1.1</availability>
				</attribute>
			</tag>

			<!-- textarea tag -->
			<tag>
				<name>textarea</name>
				<tag-class>org.apache.taglibs.input.TextArea</tag-class>
				<!-- Optional TEI class
					<tei-class>org.apache.taglibs.foo.fooTEI</tei-class>
				-->
				<body-content>JSP</body-content>

				<!-- JSP 1.2, display name of tag -->
				<display-name>textarea</display-name>

				<!-- JSP 1.2 tag library DTD only, not used for generating
					documentation.
					
					<small-icon></small-icon>
					<large-icon></large-icon>
				-->
				<!-- Complete description of this tag.  Used for JSP 1.2 TLD
					and for generating HTML documentation. -->
				<description>
					Displays a multi-line text-entry box. The body of
					the textarea tag will be used as the default value
					if the default attribute is not provided. See
					<a href="usage.html#textarea">Usage</a>
					page.
				</description>

				<!-- The next three non-standard elements are used to inform the relevant
					sections of the HTML doc.  See, for example, the Regexp
					taglib docs for examples of the output. -->
				<!-- One line summary of what tag does for Tag Summary section -->
				<summary>Displays a multiline textarea</summary>
				<!-- Version of taglib when this tag became available,
					deprecated is a possible value. -->
				<availability>1.0</availability>
				<!-- Any restrictions on use of the tag -->
				<restrictions>None</restrictions>

				<attribute>
					<name>name</name>
					<required>true</required>
					<rtexprvalue>true</rtexprvalue>
					<!-- Optional attribute type for JSP 1.2 rtexprvalue
						<type>java.lang.String</type>
					-->
					<!-- Used for JSP 1.2 TLD and generating HTML docs -->
					<description>textarea name</description>
					<!-- Used for the HTML documentation only.
						Version of taglib when this attribute became available,
						deprecated is a possible value. -->
					<availability>1.0</availability>
				</attribute>
				<attribute>
					<name>default</name>
					<required>false</required>
					<rtexprvalue>true</rtexprvalue>
					<!-- Optional attribute type for JSP 1.2 rtexprvalue
						<type>java.lang.String</type>
					-->
					<!-- Used for JSP 1.2 TLD and generating HTML docs -->
					<description>textarea default value</description>
					<!-- Used for the HTML documentation only.
						Version of taglib when this attribute became available,
						deprecated is a possible value. -->
					<availability>1.0</availability>
				</attribute>
				<attribute>
					<name>attributes</name>
					<required>false</required>
					<rtexprvalue>true</rtexprvalue>
					<!-- Optional attribute type for JSP 1.2 rtexprvalue
						<type>java.util.Map</type>
					-->
					<!-- Used for JSP 1.2 TLD and generating HTML docs -->
					<description>extra textarea attributes</description>
					<!-- Used for the HTML documentation only.
						Version of taglib when this attribute became available,
						deprecated is a possible value. -->
					<availability>1.0</availability>
				</attribute>
				<attribute>
					<name>attributesText</name>
					<required>false</required>
					<rtexprvalue>true</rtexprvalue>
					<description>
						extra text box attributes as text
					</description>
					<availability>1.1</availability>
				</attribute>
				<attribute>
					<name>bean</name>
					<required>false</required>
					<rtexprvalue>true</rtexprvalue>
					<description>
						id of the bean to get default value from. Empty
						string means no bean (not even the default from
						the form tag, if supplied)
					</description>
					<availability>1.1</availability>
				</attribute>
				<attribute>
					<name>cols</name>
					<required>false</required>
					<rtexprvalue>true</rtexprvalue>
					<description>
						the number of columns in the text area
					</description>
					<availability>1.1</availability>
				</attribute>
				<attribute>
					<name>rows</name>
					<required>false</required>
					<rtexprvalue>true</rtexprvalue>
					<description>
						the number of rows in the text area
					</description>
					<availability>1.1</availability>
				</attribute>
			</tag>

			<!-- hidden tag -->
			<tag>
				<name>hidden</name>
				<tag-class>org.apache.taglibs.input.Hidden</tag-class>
				<!-- Optional TEI class
					<tei-class>org.apache.taglibs.foo.fooTEI</tei-class>
				-->
				<body-content>empty</body-content>

				<!-- JSP 1.2, display name of tag -->
				<display-name>hidden</display-name>

				<!-- JSP 1.2 tag library DTD only, not used for generating
					documentation.
					
					<small-icon></small-icon>
					<large-icon></large-icon>
				-->
				<!-- Complete description of this tag.  Used for JSP 1.2 TLD
					and for generating HTML documentation. -->
				<description>
					Creates a hidden form field. See
					<a href="usage.html#hidden">Usage</a>
					page.
				</description>

				<!-- The next three non-standard elements are used to inform the relevant
					sections of the HTML doc.  See, for example, the Regexp
					taglib docs for examples of the output. -->
				<!-- One line summary of what tag does for Tag Summary section -->
				<summary>Creates a hidden form field</summary>
				<!-- Version of taglib when this tag became available,
					deprecated is a possible value. -->
				<availability>1.1</availability>
				<!-- Any restrictions on use of the tag -->
				<restrictions>None</restrictions>

				<attribute>
					<name>name</name>
					<required>true</required>
					<rtexprvalue>true</rtexprvalue>
					<!-- Optional attribute type for JSP 1.2 rtexprvalue
						<type>java.lang.String</type>
					-->
					<!-- Used for JSP 1.2 TLD and generating HTML docs -->
					<description>hidden field name</description>
					<!-- Used for the HTML documentation only.
						Version of taglib when this attribute became available,
						deprecated is a possible value. -->
					<availability>1.1</availability>
				</attribute>
				<attribute>
					<name>default</name>
					<required>false</required>
					<rtexprvalue>true</rtexprvalue>
					<!-- Optional attribute type for JSP 1.2 rtexprvalue
						<type>java.lang.String</type>
					-->
					<!-- Used for JSP 1.2 TLD and generating HTML docs -->
					<description>
						hidden field default value
					</description>
					<!-- Used for the HTML documentation only.
						Version of taglib when this attribute became available,
						deprecated is a possible value. -->
					<availability>1.1</availability>
				</attribute>
				<attribute>
					<name>attributes</name>
					<required>false</required>
					<rtexprvalue>true</rtexprvalue>
					<!-- Optional attribute type for JSP 1.2 rtexprvalue
						<type>java.util.Map</type>
					-->
					<!-- Used for JSP 1.2 TLD and generating HTML docs -->
					<description>
						extra hidden field attributes
					</description>
					<!-- Used for the HTML documentation only.
						Version of taglib when this attribute became available,
						deprecated is a possible value. -->
					<availability>1.1</availability>
				</attribute>
				<attribute>
					<name>attributesText</name>
					<required>false</required>
					<rtexprvalue>true</rtexprvalue>
					<description>
						extra hidden field attributes as text
					</description>
					<availability>1.1</availability>
				</attribute>
				<attribute>
					<name>bean</name>
					<required>false</required>
					<rtexprvalue>true</rtexprvalue>
					<description>
						id of the bean to get default value from. Empty
						string means no bean (not even the default from
						the form tag, if supplied)
					</description>
					<availability>1.1</availability>
				</attribute>
			</tag>

			<!-- select tag -->
			<tag>
				<name>select</name>
				<tag-class>org.apache.taglibs.input.Select</tag-class>
				<!-- Optional TEI class
					<tei-class>org.apache.taglibs.foo.fooTEI</tei-class>
				-->
				<body-content>JSP</body-content>

				<!-- JSP 1.2, display name of tag -->
				<display-name>select</display-name>

				<!-- JSP 1.2 tag library DTD only, not used for generating
					documentation.
					
					<small-icon></small-icon>
					<large-icon></large-icon>
				-->
				<!-- Complete description of this tag.  Used for JSP 1.2 TLD
					and for generating HTML documentation. -->
				<description>
					Displays a select list. See
					<a href="usage.html#select">Usage</a>
					page.
				</description>

				<!-- The next three non-standard elements are used to inform the relevant
					sections of the HTML doc.  See, for example, the Regexp
					taglib docs for examples of the output. -->
				<!-- One line summary of what tag does for Tag Summary section -->
				<summary>Displays a select list</summary>
				<!-- Version of taglib when this tag became available,
					deprecated is a possible value. -->
				<availability>1.0</availability>
				<!-- Any restrictions on use of the tag -->
				<restrictions>None</restrictions>

				<attribute>
					<name>name</name>
					<required>true</required>
					<rtexprvalue>true</rtexprvalue>
					<!-- Optional attribute type for JSP 1.2 rtexprvalue
						<type>java.lang.String</type>
					-->
					<!-- Used for JSP 1.2 TLD and generating HTML docs -->
					<description>select name</description>
					<!-- Used for the HTML documentation only.
						Version of taglib when this attribute became available,
						deprecated is a possible value. -->
					<availability>1.0</availability>
				</attribute>
				<attribute>
					<name>default</name>
					<required>false</required>
					<rtexprvalue>true</rtexprvalue>
					<!-- Optional attribute type for JSP 1.2 rtexprvalue
						<type>java.lang.String</type>
					-->
					<!-- Used for JSP 1.2 TLD and generating HTML docs -->
					<description>select default value</description>
					<!-- Used for the HTML documentation only.
						Version of taglib when this attribute became available,
						deprecated is a possible value. -->
					<availability>1.0</availability>
				</attribute>
				<attribute>
					<name>defaults</name>
					<required>false</required>
					<rtexprvalue>true</rtexprvalue>
					<!-- Optional attribute type for JSP 1.2 rtexprvalue
						<type>java.lang.String[]</type>
					-->
					<!-- Used for JSP 1.2 TLD and generating HTML docs -->
					<description>
						The default and defaults attributes for select
						are concatenated together (if they are both
						specified). The defaults attribute may be a
						String[], Map or Collection.
					</description>
					<!-- Used for the HTML documentation only.
						Version of taglib when this attribute became available,
						deprecated is a possible value. -->
					<availability>1.0</availability>
				</attribute>
				<attribute>
					<name>attributes</name>
					<required>false</required>
					<rtexprvalue>true</rtexprvalue>
					<!-- Optional attribute type for JSP 1.2 rtexprvalue
						<type>java.util.Map</type>
					-->
					<!-- Used for JSP 1.2 TLD and generating HTML docs -->
					<description>extra select attributes</description>
					<!-- Used for the HTML documentation only.
						Version of taglib when this attribute became available,
						deprecated is a possible value. -->
					<availability>1.0</availability>
				</attribute>
				<attribute>
					<name>attributesText</name>
					<required>false</required>
					<rtexprvalue>true</rtexprvalue>
					<description>
						extra radio button attributes as text
					</description>
					<availability>1.1</availability>
				</attribute>
				<attribute>
					<name>bean</name>
					<required>false</required>
					<rtexprvalue>true</rtexprvalue>
					<description>
						id of the bean to get default value from. Empty
						string means no bean (not even the default from
						the form tag, if supplied)
					</description>
					<availability>1.1</availability>
				</attribute>
				<attribute>
					<name>multiple</name>
					<required>false</required>
					<rtexprvalue>true</rtexprvalue>
					<description>
						whether multiple choices are permitted by the
						select box (true|false)
					</description>
					<availability>1.1</availability>
				</attribute>
				<attribute>
					<name>size</name>
					<required>false</required>
					<rtexprvalue>true</rtexprvalue>
					<description>select box size</description>
					<availability>1.1</availability>
				</attribute>
				<attribute>
					<name>options</name>
					<required>false</required>
					<rtexprvalue>true</rtexprvalue>
					<type>java.util.Map</type>
					<description>
						options map for select. The key is the option
						label and the value is the option value.
					</description>
					<availability>1.0</availability>
				</attribute>
				<attribute>
					<name>optionLabels</name>
					<required>false</required>
					<rtexprvalue>true</rtexprvalue>
					<type>java.util.List</type>
					<description>options labels for select</description>
					<availability>1.1</availability>
				</attribute>
				<attribute>
					<name>optionValues</name>
					<required>false</required>
					<rtexprvalue>true</rtexprvalue>
					<type>java.util.List</type>
					<description>options values for select</description>
					<availability>1.1</availability>
				</attribute>
			</tag>

			<!-- option tag -->
			<tag>
				<name>option</name>
				<tag-class>org.apache.taglibs.input.Option</tag-class>
				<!-- Optional TEI class
					<tei-class>org.apache.taglibs.foo.fooTEI</tei-class>
				-->
				<body-content>JSP</body-content>

				<!-- JSP 1.2, display name of tag -->
				<display-name>option</display-name>

				<!-- JSP 1.2 tag library DTD only, not used for generating
					documentation.
					
					<small-icon></small-icon>
					<large-icon></large-icon>
				-->
				<!-- Complete description of this tag.  Used for JSP 1.2 TLD
					and for generating HTML documentation. -->
				<description>
					Displays a select option. The body of the option tag
					becomes the label of the option. If the value
					attribute is not provided then the body also becomes
					the value of the option. See
					<a href="usage.html#option">Usage</a>
					page.
				</description>

				<!-- The next three non-standard elements are used to inform the relevant
					sections of the HTML doc.  See, for example, the Regexp
					taglib docs for examples of the output. -->
				<!-- One line summary of what tag does for Tag Summary section -->
				<summary>Displays a select option</summary>
				<!-- Version of taglib when this tag became available,
					deprecated is a possible value. -->
				<availability>1.1</availability>
				<!-- Any restrictions on use of the tag -->
				<restrictions>None</restrictions>

				<attribute>
					<name>value</name>
					<required>false</required>
					<rtexprvalue>true</rtexprvalue>
					<!-- Optional attribute type for JSP 1.2 rtexprvalue
						<type>java.lang.String</type>
					-->
					<!-- Used for JSP 1.2 TLD and generating HTML docs -->
					<description>the option value</description>
					<!-- Used for the HTML documentation only.
						Version of taglib when this attribute became available,
						deprecated is a possible value. -->
					<availability>1.1</availability>
				</attribute>
				<attribute>
					<name>attributes</name>
					<required>false</required>
					<rtexprvalue>true</rtexprvalue>
					<!-- Optional attribute type for JSP 1.2 rtexprvalue
						<type>java.util.Map</type>
					-->
					<!-- Used for JSP 1.2 TLD and generating HTML docs -->
					<description>extra option attributes</description>
					<!-- Used for the HTML documentation only.
						Version of taglib when this attribute became available,
						deprecated is a possible value. -->
					<availability>1.1</availability>
				</attribute>
				<attribute>
					<name>attributesText</name>
					<required>false</required>
					<rtexprvalue>true</rtexprvalue>
					<description>
						extra option attributes as text
					</description>
					<availability>1.1</availability>
				</attribute>
			</tag>

			<!-- radio tag -->
			<tag>
				<name>radio</name>
				<tag-class>org.apache.taglibs.input.Radio</tag-class>
				<!-- Optional TEI class
					<tei-class>org.apache.taglibs.foo.fooTEI</tei-class>
				-->
				<body-content>empty</body-content>

				<!-- JSP 1.2, display name of tag -->
				<display-name>radio</display-name>

				<!-- JSP 1.2 tag library DTD only, not used for generating
					documentation.
					
					<small-icon></small-icon>
					<large-icon></large-icon>
				-->
				<!-- Complete description of this tag.  Used for JSP 1.2 TLD
					and for generating HTML documentation. -->
				<description>
					Displays a radio button. See
					<a href="usage.html#radio">Usage</a>
					page.
				</description>

				<!-- The next three non-standard elements are used to inform the relevant
					sections of the HTML doc.  See, for example, the Regexp
					taglib docs for examples of the output. -->
				<!-- One line summary of what tag does for Tag Summary section -->
				<summary>Displays a radio button</summary>
				<!-- Version of taglib when this tag became available,
					deprecated is a possible value. -->
				<availability>1.0</availability>
				<!-- Any restrictions on use of the tag -->
				<restrictions>None</restrictions>

				<attribute>
					<name>name</name>
					<required>true</required>
					<rtexprvalue>true</rtexprvalue>
					<!-- Optional attribute type for JSP 1.2 rtexprvalue
						<type>java.lang.String</type>
					-->
					<!-- Used for JSP 1.2 TLD and generating HTML docs -->
					<description>radio button name</description>
					<!-- Used for the HTML documentation only.
						Version of taglib when this attribute became available,
						deprecated is a possible value. -->
					<availability>1.0</availability>
				</attribute>
				<attribute>
					<name>default</name>
					<required>false</required>
					<rtexprvalue>true</rtexprvalue>
					<!-- Optional attribute type for JSP 1.2 rtexprvalue
						<type>java.lang.String</type>
					-->
					<!-- Used for JSP 1.2 TLD and generating HTML docs -->
					<description>
						radio button default value.
					</description>
					<!-- Used for the HTML documentation only.
						Version of taglib when this attribute became available,
						deprecated is a possible value. -->
					<availability>1.0</availability>
				</attribute>
				<attribute>
					<name>value</name>
					<required>true</required>
					<rtexprvalue>true</rtexprvalue>
					<type>java.lang.String</type>
					<description>
						value can be empty, but it must be present
					</description>
					<availability>1.0</availability>
				</attribute>
				<attribute>
					<name>attributes</name>
					<required>false</required>
					<rtexprvalue>true</rtexprvalue>
					<!-- Optional attribute type for JSP 1.2 rtexprvalue
						<type>java.util.Map</type>
					-->
					<!-- Used for JSP 1.2 TLD and generating HTML docs -->
					<description>
						extra radio button attributes
					</description>
					<!-- Used for the HTML documentation only.
						Version of taglib when this attribute became available,
						deprecated is a possible value. -->
					<availability>1.0</availability>
				</attribute>
				<attribute>
					<name>attributesText</name>
					<required>false</required>
					<rtexprvalue>true</rtexprvalue>
					<description>
						extra radio button attributes as text
					</description>
					<availability>1.1</availability>
				</attribute>
				<attribute>
					<name>bean</name>
					<required>false</required>
					<rtexprvalue>true</rtexprvalue>
					<description>
						id of the bean to get default value from. Empty
						string means no bean (not even the default from
						the form tag, if supplied)
					</description>
					<availability>1.1</availability>
				</attribute>
			</tag>

			<!-- checkbox tag -->
			<tag>
				<name>checkbox</name>
				<tag-class>org.apache.taglibs.input.Checkbox</tag-class>
				<!-- Optional TEI class
					<tei-class>org.apache.taglibs.foo.fooTEI</tei-class>
				-->
				<body-content>empty</body-content>

				<!-- JSP 1.2, display name of tag -->
				<display-name>checkbox</display-name>

				<!-- JSP 1.2 tag library DTD only, not used for generating
					documentation.
					
					<small-icon></small-icon>
					<large-icon></large-icon>
				-->
				<!-- Complete description of this tag.  Used for JSP 1.2 TLD
					and for generating HTML documentation. -->
				<description>
					Displays a checkbox. See
					<a href="usage.html#checkbox">Usage</a>
					page.
				</description>

				<!-- The next three non-standard elements are used to inform the relevant
					sections of the HTML doc.  See, for example, the Regexp
					taglib docs for examples of the output. -->
				<!-- One line summary of what tag does for Tag Summary section -->
				<summary>Displays a checkbox</summary>
				<!-- Version of taglib when this tag became available,
					deprecated is a possible value. -->
				<availability>1.0</availability>
				<!-- Any restrictions on use of the tag -->
				<restrictions>None</restrictions>

				<attribute>
					<name>name</name>
					<required>true</required>
					<rtexprvalue>true</rtexprvalue>
					<!-- Optional attribute type for JSP 1.2 rtexprvalue
						<type>java.lang.String</type>
					-->
					<!-- Used for JSP 1.2 TLD and generating HTML docs -->
					<description>checkbox name</description>
					<!-- Used for the HTML documentation only.
						Version of taglib when this attribute became available,
						deprecated is a possible value. -->
					<availability>1.0</availability>
				</attribute>
				<attribute>
					<name>default</name>
					<required>false</required>
					<rtexprvalue>true</rtexprvalue>
					<!-- Optional attribute type for JSP 1.2 rtexprvalue
						<type>java.lang.String</type>
					-->
					<!-- Used for JSP 1.2 TLD and generating HTML docs -->
					<description>
						The two "defaults" for checkbox are concatenated
						together to form an array of size
						(defaults.length + 1), or 1 if defaults.length
						is null or isn't present
					</description>
					<!-- Used for the HTML documentation only.
						Version of taglib when this attribute became available,
						deprecated is a possible value. -->
					<availability>1.0</availability>
				</attribute>
				<attribute>
					<name>defaults</name>
					<required>false</required>
					<rtexprvalue>true</rtexprvalue>
					<!-- Optional attribute type for JSP 1.2 rtexprvalue
						<type>java.lang.String[]</type>
					-->
					<!-- Used for JSP 1.2 TLD and generating HTML docs -->
					<description>
						The two "defaults" for checkbox are concatenated
						together to form an array of size
						(defaults.length + 1), or 1 if defaults.length
						is null or isn't present
					</description>
					<!-- Used for the HTML documentation only.
						Version of taglib when this attribute became available,
						deprecated is a possible value. -->
					<availability>1.0</availability>
				</attribute>
				<attribute>
					<name>value</name>
					<required>true</required>
					<rtexprvalue>true</rtexprvalue>
					<type>java.lang.String</type>
					<description>
						value can be explicitly empty, or it can be
						absent, in which case it defaults to "on"
					</description>
					<availability>1.0</availability>
				</attribute>
				<attribute>
					<name>attributes</name>
					<required>false</required>
					<rtexprvalue>true</rtexprvalue>
					<!-- Optional attribute type for JSP 1.2 rtexprvalue
						<type>java.util.Map</type>
					-->
					<!-- Used for JSP 1.2 TLD and generating HTML docs -->
					<description>extra checkbox attributes</description>
					<!-- Used for the HTML documentation only.
						Version of taglib when this attribute became available,
						deprecated is a possible value. -->
					<availability>1.0</availability>
				</attribute>
				<attribute>
					<name>attributesText</name>
					<required>false</required>
					<rtexprvalue>true</rtexprvalue>
					<description>
						extra check box attributes as text
					</description>
					<availability>1.1</availability>
				</attribute>
				<attribute>
					<name>bean</name>
					<required>false</required>
					<rtexprvalue>true</rtexprvalue>
					<description>
						id of the bean to get default value from. Empty
						string means no bean (not even the default from
						the form tag, if supplied)
					</description>
					<availability>1.1</availability>
				</attribute>
			</tag>

		</tagtoc>

	</taglib>

	<!-- The following is used to generate the tag library revision history
		changes.html file. There can be 0 .. N revisions.  Each revision
		can have 0 .. N sections, each section can have 0 .. N items.
		<revision release="{release-name}" date="MM/DD/YYYY">
		<description>
		Description of release.
		<description>
		<section name="New Features">
		<item>
		Added the Foo tag.
		</item>
		</section>
		<section name="Bugs Fixed">
		<item>
		Fixed the Bar tag.
		</item>
		</section>
		<section name="Deprecated">
		<item>
		The Test tag has been replaced by the Foo tag.
		The Test tag will be removed in a later release.
		</item>
		</section>
		
		</revision>
	-->


	<revision release="Development" date="10/27/2004">
		<description>
			W3C validation fixes for select, radio and checkbox. Size,
			cols and rows attributes added to text, password and
			textarea fields. Textarea field can now take a body as the
			default value.
		</description>
	</revision>

	<revision release="1.1" date="09/24/2002">
		<description>
			Addition of new functionality, making some parts of the
			taglib easier to use, and more similar to the functionality
			of the struts input tags without being tied to the struts
			architecture.
		</description>
		<section name="New Features">
			<item>
				JavaBean peer support. Each tag (or an entire form) can
				have a JavaBean that it draws default values from before
				looking in the request or the tag's default values.
			</item>
			<item>
				AttributesText attribute on input tags to simplify the
				addition of attributes to input tags, versus the
				attributes attribute.
			</item>
			<item>
				Option tags to be nested within Select tags, to simplify
				the addition of options to a select tag.
			</item>
			<item>
				Option list attributes for the Select tag to facilitate
				ordered options in select tags.
			</item>
			<item>
				Form tag to handle url encoding of the form action and
				JavaBean default.
			</item>
			<item>
				Add multiple attribute to select tag, and support for
				multiple defaults.
			</item>
		</section>
	</revision>

</document>
