<?xml version="1.0"?>
<!--
  Copyright 1999-2004 The Apache Software Foundation

  Licensed under the Apache License, Version 2.0 (the "License");
  you may not use this file except in compliance with the License.
  You may obtain a copy of the License at

      http://www.apache.org/licenses/LICENSE-2.0

  Unless required by applicable law or agreed to in writing, software
  distributed under the License is distributed on an "AS IS" BASIS,
  WITHOUT WARRANTIES OR CONDITIONS OF ANY KIND, either express or implied.
  See the License for the specific language governing permissions and
  limitations under the License.
-->
<document url="./intro.xml">

  <properties>
    <author>Justyna Horwat</author>
    <title>The Jakarta-Taglibs Project: Input Tag Library</title>
  </properties>

  <body>


  <section name="Input Tag Library" href="Welcome">

  <p>The "input" tag extension library lets you present HTML &lt;form&gt; 
     elements that are tied to the ServletRequest that caused the 
     current JSP page to run. That is, using this library, you can 
     easily prepopulate form elements with prior values that the user 
     has chosen -- or with default values for the first time a user 
     hits a web page. This is useful when you need to present the 
     same page to the user several times (e.g., for server-side validation).</p>

  </section>

  <section name="Documentation" href="Documentation">

  <p>For more information about the Input Tag Library, look at the on-line documentation:</p>
  <ul>
  <li>View the <a href="index.html">Input Taglib Documentation</a></li>
  </ul>

  <p>For information on how to use the distributions, look at the following documentation:</p>

  <ul>
  <li>Using the Jakarta-Taglibs <a href="http://jakarta.apache.org/taglibs/binarydist.html">Binary Distribution</a></li>
  <li>Using the Jakarta-Taglibs <a href="http://jakarta.apache.org/taglibs/sourcedist.html">Source Distribution</a></li>
  </ul>

  </section>

  <section name="Download" href="Download">

  <p>A binary download of the Input Tag Library is available</p>
  <ul>
  <li>Download <a href="http://jakarta.apache.org/builds/jakarta-taglibs/nightly/projects/input/">Input Tag Library</a></li>
  </ul>

  <p>The following distributions are also available for download:</p>
  <ul>
  <li>Download <a href="http://jakarta.apache.org/builds/jakarta-taglibs/nightly/src/">Jakarta-Taglibs Source</a></li>
  <li>Download entire <a href="http://jakarta.apache.org/builds/jakarta-taglibs/nightly">Jakarta-Taglibs Distribution</a></li>
  </ul>

  </section>

  <section name="Contributors" href="Contributors">
  <p>List of contributors:</p>

  <ul>
  <li>Shawn Bayern</li>
  <li>Lance Lavandowska</li>
  <li>Karl von Randow</li>
  </ul>

  </section>

  </body>
</document>
