<?xml version="1.0" ?>
<!--
  Copyright 1999-2004 The Apache Software Foundation

  Licensed under the Apache License, Version 2.0 (the "License");
  you may not use this file except in compliance with the License.
  You may obtain a copy of the License at

      http://www.apache.org/licenses/LICENSE-2.0

  Unless required by applicable law or agreed to in writing, software
  distributed under the License is distributed on an "AS IS" BASIS,
  WITHOUT WARRANTIES OR CONDITIONS OF ANY KIND, either express or implied.
  See the License for the specific language governing permissions and
  limitations under the License.
-->
<document url="./io.xml">
<properties>
  <title>Jakarta Project: IO Tag Library</title>
  <author>James Strachan</author>
</properties>
<taglib>

  <tlib-version>1.0</tlib-version>
  <!-- Minimum version of JSP spec required -->
  <jsp-version>1.1</jsp-version>
  <!-- jakarta-taglib name of this tag library -->
  <short-name>io</short-name>
  <!-- URI of taglib -->
  <uri>http://jakarta.apache.org/taglibs/io-1.0</uri>
  <!-- The name to use in titles, etc. for the taglib -->
  <display-name>IO Tag library: Tags for working with FTP, HTTP, HTTPS, XML-RPC and SOAP</display-name>

  <description>

<p>
The IO library allows URLs and HTTP requests to be performed using JSP 
custom tags. This allows JSP to be used to perform HTTP GETs or PUT 
operations and to make XML-RPC and SOAP requests.
</p>

<p>Currently the IO library supports any protocols supported by the Java URL 
class such as</p>

<ul>
  <li>file system</li>
  <li>FTP</li>
  <li>HTTP</li>
  <li>HTTPS</li>
  <li>XML-RPC</li>
  <li>SOAP</li>
</ul>

<p>
For example if you wanted to include the README from the GNU FTP site in
your JSP output you could do:-
</p>

<pre><![CDATA[
<io:request url="ftp://ftp.gnu.org/README"/>
]]></pre>

<p>
More likely is you'll want to include the result of a HTTP request. For
example to include the home page of the Jakarta project in your JSP output
you could use:-
</p>

<pre><![CDATA[
<io:request url="http://jakarta.apache.org"/>
]]></pre>

<p>
This single tag is surprisingly useful. &lt;jsp:include&gt; is only capable of
including a servlet that is in your current web application. The
&lt;io:request&gt; can be used to make 'server side include' style calls to any
web server anywhere for any resource.
</p>

<p>
In the case of HTTP based calls, the default is to perform a HTTP GET. To
make it easier to do other forms of HTTP requests such as POST and PUT there
is another tag specialised for HTTP. The previous JSP could be replaced by
the more verbose:-
</p>

<pre><![CDATA[
<io:http url="http://jakarta.apache.org" action="GET"/>
]]></pre>

<p>
To perform a HTTP POST we need to specify the data to be POSTED to the
remote server.
</p>

<pre><![CDATA[
<io:http url="something" action="POST">
  <io:body>
    data to be posted....
  </io:body>
</io:xmlrpc>
]]></pre>

<p>
We may also wish to specify some query parameters as well as some HTTP headers.
</p>

<pre><![CDATA[
<io:http url="something" action="POST">
  <io:param name="foo" value="123"/>
  <io:param name="bar">123</io:param>
  <io:header name="Content-Type" value="text/xml"/>
  <io:body>
    data to be posted....
  </io:body>
</io:xmlrpc>
]]></pre>

<p>
Here we use a nested &lt;io:body&gt; tag to capture its body content for the data
to be posted. The IO tags can be "piped" together like unix processes such
that the data to be posted can be specified using an inner &lt;io:request&gt; tag.
For example the following example reads a file "foo.txt" and posts it to the
"bar" web service and displays the result in your JSP output:-
</p>

<pre><![CDATA[
<io:http url="bar" action="POST">
  <io:request url="file://somewhere/foo.txt"/>
</io:xmlrpc>
]]></pre>

<p>
The pipelining of tags will be discussed in more detail below.
The new wave of Web Services are based on XML and usually use HTTP POST to
send a request to a web service and a response is returned as XML. Calling
web services with the IO tags is easy.
</p>

<p>
Here's an example of calling an XML-RPC web service using the &lt;io:http&gt;
tag...
</p>

<pre><![CDATA[
<io:http url="someXmlRpcUrl">
 <io:header name="Content-Type" value="text/xml"/>
 <io:body>
  <methodCall>
     <methodName>do.something</methodName>
     <params>
        <param>
           <value><i4>1234</i4></value>
           </param>
        </params>
     </methodCall>
 </io:body>
</io:http>
]]></pre>

<p>
Notice here that we've added an &lt;io:header&gt; tag to set the content type of
the posted data to be the XML mime type.
</p>

<p>
To make it easier when calling XML-RPC and SOAP based Web Services there are
2 new tags to wrap up calling XML-RPC and SOAP protocols. They allow more
brief JSP code hiding some of the HTTP detail of the protocols. For example
here's the same request again using &lt;io:xmlrpc&gt; tag instead:-
</p>

<pre><![CDATA[
<io:xmlrpc url="someXmlRpcUrl">
 <io:body>
  <methodCall>
     <methodName>do.something</methodName>
     <params>
        <param>
           <value><i4>1234</i4></value>
           </param>
        </params>
     </methodCall>
 </io:body>
</io:xmlrpc>
]]></pre>

<p>
And here is a SOAP request using the &lt;io:soap&gt; to request a fortune cookie
from a SOAP web service on the net:-
</p>

<pre><![CDATA[
<io:soap
    url="http://www.lemurlabs.com/rpcrouter"
    SOAPAction="urn:lemurlabs-Fortune">
 <io:body>
  <SOAP-ENV:Envelope
    xmlns:SOAP-ENV="http://schemas.xmlsoap.org/soap/envelope/"
    SOAP-ENV:encodingStyle="http://schemas.xmlsoap.org/soap/encoding/">
    <SOAP-ENV:Body>
      <m:getAnyFortune xmlns:m="urn:lemurlabs-Fortune"/>
    </SOAP-ENV:Body>
  </SOAP-ENV:Envelope>
 </io:body>
</io:soap>
]]></pre>



<h4>Pipelining</h4>

<p>
You can nest JSP custom tags together so that the output of one tag serves
as the input to another tag. For example:-
</p>

<pre><![CDATA[
<foo:a>
    <foo:b/>
</foo:a>
]]></pre>

<p>
This is quite like the piping that is available on Unix platforms, the
output of program "b" can be piped into the input of program "a" via the
command line:-
</p>

<pre>
b | a
</pre>

<p>
To be able to process the output of &lt;foo:b&gt; the &lt;foo:a&gt; tag must be a
BodyTag. A BodyContent object will be created and the content of the &lt;foo:a&gt;
tag, including the output of the &lt;foo:b&gt; tag, will be written to the
BodyContent object. This mechanism can cause unwanted double buffering. For
example consider this pseudo JSP code:-
</p>

<pre><![CDATA[
<foo:searchAndReplace from="Spain" to="London">
    <file:read filename="Spain.txt"/>
    <file:write filename="London.txt"/>
</foo:searchAndReplace>
]]></pre>

<p>
In the above example, all of the Spain.txt file will be read into memory
into the BodyContent before the &lt;foo:searchAndReplace&gt; tag begins to process
the file. This is unnecessary double buffering and a bad use of streams.
Even worse is, if the file is big, you could run out of memory in a heavily
loaded server.
</p>

<p>
The IO tag library currently has a "tag pipelining" proposal integrated into it.
This proposal is the work of from Pierre Delisle and James Strachan and is 
intended to avoid this unnecessary double buffering. 
</p>


<h4>Tag Pipelining Proposal</h4>

<p>
The basic idea is that in the example below, the &lt;file:read&gt; tag should be
able to pass a Reader object straight into the &lt;foo:searchAndReplace&gt; tag
for it to use directly and thus avoiding unnecessary double buffering.
</p>

<pre><![CDATA[
<foo:searchAndReplace from="foo" to="bar">
    <file:read file="foo.txt"/>
</foo:searchAndReplace>
]]></pre>

<p>
Not only does this optimise away double buffering, but it allows any inner
tag produce the Reader object used by the &lt;foo:searchAndReplace&gt; tag. This
makes the &lt;foo:searchAndReplace&gt; really reusable as it can take any Reader,
whether a local URI, a remote URL, a file, a socket, some text or whatever.
It provides a clean separation of responsibility between "transformer" tags
which process information and creators of Reader and Writer objects.
</p>

<p>
How this Reader and Writer passing mechanism should work and what the API
should look like is still an active area of discussion. A brief overview of
my current proposal now follows. Please check out taglibs-dev for the latest
developments ;-)
</p>

<p>
A tag which can consume textual input should implement the following
interface:-
</p>

<pre>
    public interface PipeConsumer {
        public void setReader( Reader reader );
    }
</pre>

<p>
A tag which can produce textual input should implement the following
interface:-
</p>

<pre>
    public interface PipeProducer {
        public void setWriter( Writer writer );
    }
</pre>


<p>
These two interfaces allow "transformer" tags to be written such that their
Reader and Writer objects can be configured in a flexible variety of ways.
These "transformer" tags can also be pipelined together in an efficient
manner similar to the pipelining of Unix processes.
</p>

<p>
Examples of transformer tags could be to perform text based search and
replace, screen scraping, styling of XML or the calling some external web
service (via HTTP, XML-RPC, SOAP or whatever) and returning the results.
</p>

<p>
A possible base class for a transformer tag could look something like the
following:-
</p>

<pre>
public abstract class TransformerTagSupport
        extends BodyTagSupport
        implements PipeConsumer, PipeProducer {

    private Reader reader;
    private Writer writer;

    // PipeConsumer interface
    public void setReader(reader) {
        this.reader = reader;
    }

    // PipeProducer interface
    public void setWriter(writer) {
        this.writer = writer;
    }

    // Tag interface
    public int doEndTag() throws JspException {
        if ( reader == null ) {
            // a child tag has not set my input source
            // so I'll read from my BodyContent
            reader = bodyContent.getReader();
        }
        if ( writer == null ) {
            // a child tag has not set my output destination
            // so I'll write to my enclosing writer
            writer = pageContent.getOut();
        }
        transform( reader, writer );
        return EVAL_PAGE;
    }

    // actually do the transformation,
    // reading from reader and writing to writer
    protected abstract void transform( 
        Reader reader, Writer writer 
    ) throws JspException;
}
</pre>


<p>
A transformer tag could have its reader and/or writer configured via scriptlet expressions in JSP.
</p>

<pre><![CDATA[
<foo:myTransformer reader="<%= new MyReader() %>" writer="<%= new MyWriter() %>"/>
]]></pre>

<p>
Or the transformer tag could have an inner tag set its Reader or Writer.  
The inner tag could use the PipeConsumer or PipeProducer interfaces directly it 
could use 
Introspection to set the "reader" or "writer" properties.
If no values are configured in the transformer tag then the natural JSP defaults 
are used, the Reader from the tags BodyContent is used with the Writer 
from the current PageContext.
</p>

<p>
So the following would work without any direct pipelining:-
</p>

<pre><![CDATA[
<foo:searchAndReplace from="Spain" to="London">
    The rain in Spain
</foo:searchAndReplace>
]]></pre>

<p>
Or inner tags could provide the Reader and Writer:-
</p>

<pre><![CDATA[
<foo:searchAndReplace from="Spain" to="London">
    <file:read filename="Spain.txt"/>
    <file:write filename="London.txt"/>
</foo:searchAndReplace>
]]></pre>


<p>
This pipelining proposal has been implemented in the IO tag library so
that the IO tags can be pipelined together efficiently and flexibly
without unnecessary double buffering.
</p>

<p>
Here's an example of more intense pipelining,
</p>

<pre><![CDATA[
<xsl:apply xsl="someStylesheet.xsl">
  <io:soap url="someSoapURL" SOAPAction="doSomething">
    <xsl:apply xsl="xmlRpcToSoap.xsl">
      <io:xmlrpc url="someXmlRpcUrl">
        <io:body>
          <methodCall>
            <methodName>do.something</methodName>
              <params>
                <param>
                  <value><i4>1234</i4></value>
                </param>
              </params>
          </methodCall>
        </io:body>
      </io:xmlrpc>

    </xsl:apply>
  </io:soap>
</io:xmlrpc>
]]></pre>

<p>
The above example looks like a relatively small block of XML but its
actually doing quite a lot. Reading from inside-out, its calling an XML-RPC
service with some XML data then using XSLT to style the result into a SOAP
request which is then HTTP POSTed into a SOAP service. The result of the
SOAP request is then styled again using XSLT and output to the users
browser.
</p>

</description> 
    
  <!-- The following elements are for JSP 1.2 tag libraries only,
       and are not used for generating documentation yet.

  <validator>

  </validator>
  <listener>

  </listener>
       -->

  <!-- The taglib-location is used to fill in the web.xml configuration
       information in the HTML doc. -->
  <taglib-location>/WEB-INF/io.tld</taglib-location>
                   
  <!-- The prefix is used to fill in the taglib directive
       configuration information in the HTML doc. -->
  <prefix>io</prefix>


  <requirements-description>
    This custom tag library requires no software other than a servlet container
    that supports the JavaServer Pages Specification, version 1.1 or higher.  
  </requirements-description>

  <tagtoc name="IO Tags">

    <!-- request tag -->    
    <tag>
        <name>request</name>
        <tag-class>org.apache.taglibs.io.URLTag</tag-class>
        <body-content>JSP</body-content>
        <description>
          Requests the content of the given URL.
        </description>
        <attribute>
            <name>url</name>
            <required>true</required>
            <rtexprvalue>true</rtexprvalue>
            <description>
              The URL to request. 
              If the URL starts with '/' then it is
              treated as a local http request
            </description>
        </attribute>
        <attribute>
            <name>encoding</name>
            <required>false</required>
            <rtexprvalue>true</rtexprvalue>
            <description>
              Sets the character encoding used for this request. If none is specified then the JVM's default is used.
            </description>
        </attribute>
        <attribute>
            <name>output</name>
            <required>false</required>
            <rtexprvalue>true</rtexprvalue>
            <description>
              If set to true the output is enabled otherwise the output from the request is ignored.
            </description>
        </attribute>
        <attribute>
            <name>input</name>
            <required>false</required>
            <rtexprvalue>true</rtexprvalue>
            <description>
              If set to true then input is enabled otherwise the input to the request is ignored.
            </description>
        </attribute>
        <restrictions>None</restrictions>
        <example><usage>
            <comment>
            </comment>
            <code><![CDATA[
<io:url url="/WEB-INF/foo.xml"/>
]]></code>
        </usage></example>
    </tag>

    <!-- http tag -->    
    <tag>
        <name>http</name>
        <tag-class>org.apache.taglibs.io.HttpTag</tag-class>
        <body-content>JSP</body-content>
        <description>
          Performs a HTTP request on the given URL with the specified action and optional body.
          If no action is specified then it defaults to "GET".
        </description>
        <attribute>
            <name>url</name>
            <required>true</required>
            <rtexprvalue>true</rtexprvalue>
            <description>
              The URL to request. 
              If the URL starts with '/' then it is
              treated as a local http request
            </description>
        </attribute>
        <attribute>
            <name>action</name>
            <required>false</required>
            <rtexprvalue>true</rtexprvalue>
            <description>
              Defines the HTTP action, either GET, POST, PUT, HEAD or some extended HTTP action such as the WEB-DAV protocol.
            </description>
        </attribute>
        <attribute>
            <name>encoding</name>
            <required>false</required>
            <rtexprvalue>true</rtexprvalue>
            <description>
              Sets the character encoding used for this request. If none is specified then the JVM's default is used.
            </description>
        </attribute>
        <attribute>
            <name>output</name>
            <required>false</required>
            <rtexprvalue>true</rtexprvalue>
            <description>
              If set to true the output is enabled otherwise the output from the request is ignored.
            </description>
        </attribute>
        <attribute>
            <name>input</name>
            <required>false</required>
            <rtexprvalue>true</rtexprvalue>
            <description>
              If set to true then input is enabled otherwise the input to the request is ignored.
            </description>
        </attribute>
        <script-variable>No</script-variable>
        <restrictions>None</restrictions>
        <example><usage>
            <comment>
            </comment>
            <code><![CDATA[
<io:http url="http://jakarta.apache.org" action="GET"/>
]]></code>
        </usage></example>
    </tag>

    <!-- header tag -->    
    <tag>
        <name>header</name>
        <tag-class>org.apache.taglibs.io.URLHeaderTag</tag-class>
        <body-content>JSP</body-content>
        <description>
          Defines a URL or HTTP header for the current &lt;request&gt; or &lt;http&gt; tag.
          The value of the header can be specified via the value attribute 
          otherwise the value of the tags body is taken instead.
        </description>
        <attribute>
            <name>name</name>
            <required>true</required>
            <rtexprvalue>true</rtexprvalue>
            <description>
              Defines the name of the header to set.
            </description>
        </attribute>
        <attribute>
            <name>value</name>
            <required>false</required>
            <rtexprvalue>true</rtexprvalue>
            <description>
              Defines the value of the header. If this attribute is not specified then
              the body of this tag is used instead.
            </description>
        </attribute>
        <script-variable>No</script-variable>
        <restrictions>None</restrictions>
        <example><usage>
            <comment>
            </comment>
            <code><![CDATA[
<io:http url="http://jakarta.apache.org" action="GET"/>
  <io:header name="Content-Type" value="text/xml"/>
</io:http>

<io:http url="http://jakarta.apache.org" action="GET"/>
  <io:header name="Content-Type">text/xml</io:header>
</io:http>
]]></code>
        </usage></example>
    </tag>

    <!-- param tag -->    
    <tag>
        <name>param</name>
        <tag-class>org.apache.taglibs.io.URLParameterTag</tag-class>
        <body-content>JSP</body-content>
        <description>
          Defines a query argument for the URL of the current request.
          The value of the parameter can be specified as an attribute 
          otherwise the value of the tags body is taken instead.
        </description>
        <attribute>
            <name>name</name>
            <required>true</required>
            <rtexprvalue>true</rtexprvalue>
            <description>
              Defines the name of the URL query parameter.
            </description>
        </attribute>
        <attribute>
            <name>value</name>
            <required>false</required>
            <rtexprvalue>true</rtexprvalue>
            <description>
              Defines the value of the URL query parameter. If this attribute is not specified then
              the body of this tag is used instead.
            </description>
        </attribute>
        <script-variable>No</script-variable>
        <restrictions>Must be specified before any &lt;http:header&gt; or &lt;http:body&gt; tags</restrictions>
        <example><usage>
            <comment>
            </comment>
            <code><![CDATA[
<io:http url="http://jakarta.apache.org" action="GET"/>
  <io:param name="foo" value="123"/>
  <io:param name="bar">123</io:param>
</io:http>
]]></code>
        </usage></example>
    </tag>

    <!-- soap tag -->    
    <tag>
        <name>soap</name>
        <tag-class>org.apache.taglibs.io.HttpSoapTag</tag-class>
        <body-content>JSP</body-content>
        <description>
          Performs a HTTP SOAP request on the given URL, SOAPAction and body.
        </description>
        <attribute>
            <name>url</name>
            <required>true</required>
            <rtexprvalue>true</rtexprvalue>
            <description>
              The SOAP endpoint URL.
              If the URL starts with '/' then it is
              treated as a local http request
            </description>
        </attribute>
        <attribute>
            <name>SOAPAction</name>
            <required>true</required>
            <rtexprvalue>true</rtexprvalue>
            <description>
              The SOAP action to use
            </description>
        </attribute>
        <attribute>
            <name>encoding</name>
            <required>false</required>
            <rtexprvalue>true</rtexprvalue>
            <description>
              Sets the character encoding used for this request. If none is specified then the JVM's default is used.
            </description>
        </attribute>
        <script-variable>No</script-variable>
        <restrictions>None</restrictions>
        <example><usage>
            <comment>
            </comment>
            <code><![CDATA[
<io:soap 
    url="http://services.xmethods.net:80/perl/soaplite.cgi" 
    SOAPAction="urn:xmethodsBabelFish#BabelFish">
 <io:body>
  <SOAP-ENV:Envelope 
    xmlns:SOAP-ENV="http://schemas.xmlsoap.org/soap/envelope/"
    SOAP-ENV:encodingStyle="http://schemas.xmlsoap.org/soap/encoding/">
    <SOAP-ENV:Body>
      <m:BabelFish xmlns:m="urn:xmethodsBabelFish">
        <translationmode>en_fr</translationmode>      
        <sourcedata>SOAP is quite easy with JSP.</sourcedata>    
      </m:BabelFish>
    </SOAP-ENV:Body>
  </SOAP-ENV:Envelope>
 </io:body>
</io:soap>
]]></code>
        </usage></example>
    </tag>

    <!-- xmlrpc tag -->    
    <tag>
        <name>xmlrpc</name>
        <tag-class>org.apache.taglibs.io.XmlRpcTag</tag-class>
        <body-content>JSP</body-content>
        <description>
          Performs an XML RPC request on the given URL.
        </description>
        <attribute>
            <name>url</name>
            <required>true</required>
            <rtexprvalue>true</rtexprvalue>
            <description>
              The XML-RPC endpoint URL.
              If the URL starts with '/' then it is
              treated as a local http request
            </description>
        </attribute>
        <attribute>
            <name>userAgent</name>
            <required>false</required>
            <rtexprvalue>true</rtexprvalue>
            <description>
              The XML-RPC user agent
            </description>
        </attribute>
        <attribute>
            <name>encoding</name>
            <required>false</required>
            <rtexprvalue>true</rtexprvalue>
            <description>
              Sets the character encoding used for this request. If none is specified then the JVM's default is used.
            </description>
        </attribute>
        <script-variable>No</script-variable>
        <restrictions>None</restrictions>
        <example><usage>
            <comment>
            </comment>
            <code><![CDATA[
<io:xmlrpc url="/RPC2">
 <io:body>
  <?xml version="1.0"?>
  <methodCall>
     <methodName>examples.getStateName</methodName>
     <params>
        <param>
           <value><i4>41</i4></value>
           </param>
        </params>
     </methodCall>
 </io:body>
</io:xmlrpc>
]]></code>
        </usage></example>
    </tag>

    <!-- pipe tag -->    
    <tag>
        <name>body</name>
        <tag-class>org.apache.taglibs.io.PipeTag</tag-class>
        <body-content>JSP</body-content>
        <description>
          Contains the body of a HTTP POST, XML-RPC or SOAP request
          which is sent so the URL as input.
        </description>
        <script-variable>No</script-variable>
        <attribute>
            <name>reader</name>
            <required>false</required>
            <rtexprvalue>true</rtexprvalue>
            <description>
              The Reader used to find the body to be used. If this
              variable is not specified then the body of the current tag is used.
            </description>
        </attribute>
        <restrictions></restrictions>
        <example><usage>
            <comment>
            </comment>
            <code><![CDATA[
<io:http url="http://www.acme.com/foo" action="POST">
  <io:body> this is the body to be posted </io:body>
</io:http>

<io:http url="http://www.acme.com/foo" action="POST">
  <io:body reader="<%= request.getReader() %>"/>
</io:http>
]]></code>
        </usage></example>
    </tag>

    <!-- pipe tag -->    
    <tag>
        <name>pipe</name>
        <tag-class>org.apache.taglibs.io.PipeTag</tag-class>
        <body-content>JSP</body-content>
        <description>
          Acts like a Unix pipe between tags that are not capable of piping themselves.
          A pipe can take some input or some output or both. 
        </description>
        <script-variable>No</script-variable>
        <attribute>
            <name>reader</name>
            <required>false</required>
            <rtexprvalue>true</rtexprvalue>
            <description>
              The Reader used to find the input to be used. If this
              variable is not specified then the body of the current tag is used.
            </description>
        </attribute>
        <attribute>
            <name>writer</name>
            <required>false</required>
            <rtexprvalue>true</rtexprvalue>
            <description>
              The Writer to be used as the destination of the pipe.
              If this variable is not specified then the current output is used instead.
            </description>
        </attribute>
        <restrictions></restrictions>
        <example><usage>
            <comment>
            </comment>
            <code><![CDATA[
<io:body reader="<%= request.getReader() %>"/>
]]></code>
        </usage></example>
    </tag>

    <!-- get tag -->    
    <tag>
        <name>get</name>
        <tag-class>org.apache.taglibs.io.GetTag</tag-class>
        <body-content>JSP</body-content>
        <description>
          Returns the bean or bean property and pipes it into its parent PipeConsumer tag.
        </description>
        <script-variable>No</script-variable>
        <attribute>
            <name>name</name>
            <required>true</required>
            <rtexprvalue>true</rtexprvalue>
            <description>
              The name of the attribute to look up
            </description>
        </attribute>
        <attribute>
            <name>property</name>
            <required>false</required>
            <rtexprvalue>true</rtexprvalue>
            <description>
              The optional bean property name
            </description>
        </attribute>
        <restrictions></restrictions>
        <example><usage>
            <comment>
            </comment>
            <code><![CDATA[
<io:get name="something" property"bar"/>
]]></code>
        </usage></example>
    </tag>    
  </tagtoc>
</taglib>



<revision release="Patch" date="20/12/2001">
  <description>Added patch supplied by Artem Grigoryan which fixes
    a bug that would cause refreshes to appear empty.
  </description>
</revision>

<revision release="Pre Beta" date="07/24/2001">
  <description>
    Clean up of tag library prior to performing a beta
    release, moving toward an official release.
  </description>
  <section name="New features">
    <item>
      Plugable character encoding is now available via the <i>encoding</i> attribute on the &lt;io:request&gt; &lt;io:http&gt; &lt;io:xmlrpc&gt; and &lt;io:soap&gt; tags
    </item>
    <item>
      For simplicitly the &lt;io:body&gt; has been added back again. This makes http requests in the taglib more natural.
    </item>
    <item>
      The &lt;io:set&gt; tag has been removed since it appears that
      tags are not allowed to set properties on their outer tags as this
      breaks the JSP 1.2 spec.
    </item>
  </section>
</revision>

<revision release="Initial version" date="03/03/2000">
  <description>Initial check into CVS.
  </description>
</revision>

</document>
