<?xml version="1.0"?>
<!--
  Copyright 1999-2004 The Apache Software Foundation

  Licensed under the Apache License, Version 2.0 (the "License");
  you may not use this file except in compliance with the License.
  You may obtain a copy of the License at

      http://www.apache.org/licenses/LICENSE-2.0

  Unless required by applicable law or agreed to in writing, software
  distributed under the License is distributed on an "AS IS" BASIS,
  WITHOUT WARRANTIES OR CONDITIONS OF ANY KIND, either express or implied.
  See the License for the specific language governing permissions and
  limitations under the License.
-->
<document url="./intro.xml">

  <properties>
    <author>Shawn Bayern</author>
    <title>The Jakarta-Taglibs Project: Benchmark Tag Library</title>
  </properties>

  <body>


  <section name="Benchmark Tag Library" href="Welcome">

  <p>In dicussions about how best to design tag libraries, issues of
     performance sometimes arise.  The simple 'benchmark' tag library
     should aid in the performance testing of other taglibs and JSP
     pages in general.  This library isn't a full-featured
     benchmarking package.  It's just a simple way to get rough 
     data if you want to sketch the relative performance of tags,
     tag combinations, or arbitrary JSP fragments.</p>

  </section>

  <section name="News" href="News">
    <news>
      <newsitem date="12/1/2002">
        Version 1.0 Released
      </newsitem>
      <newsitem date="07/22/2001">
        Version 1.0 Beta 1 Released
      </newsitem>
    </news>
  </section>

  <section name="Documentation" href="Documentation">

  <p>For more information about the Benchmark Tag Library, 
    look at the on-line documentation:    
  <ul>
  <li>
    View the current release <a href="benchmark-1.0/index.html">
    Benchmark 1.0 Taglib Documentation</a></li>
  <li>
    View the development version of the <a href="index.html">
    Benchmark Taglib Documentation</a>
  </li>
  </ul>
  </p>

  <p>For information on how to use the distributions,
    look at the following documentation:    
  <ul>
    <li>Using the Jakarta-Taglibs
      <a href="http://jakarta.apache.org/taglibs/binarydist.html">
      Binary Distribution</a>
    </li>
    <li>Using the Jakarta-Taglibs
      <a href="http://jakarta.apache.org/taglibs/sourcedist.html">
      Source Distribution</a>
    </li>
  </ul>
  </p>

  </section>

  <section name="Download" href="Download">

  <p>Download a binary distribution of the Benchmark Tag Library
  <ul>           
  <li>
    Download the Benchmark Tag Library 1.0 Release from an
    <a href="http://jakarta.apache.org/site/binindex.cgi#Release%20Builds">
    Apache Jakarta Project Mirror</a>
  </li>
  <li>
    Download the Benchmark Tag Library
    <a href="http://jakarta.apache.org/builds/jakarta-taglibs/nightly/projects/benchmark/">
    nightly development build</a>
  </li>
  </ul>
  </p>

  <p>The following distributions are also available for download:    
  <ul>
  <li>
    Download
    <a href="http://jakarta.apache.org/builds/jakarta-taglibs/nightly/src/">
    Jakarta-Taglibs Source</a>
  </li>
  <li>
    Download entire
    <a href="http://jakarta.apache.org/builds/jakarta-taglibs/nightly">
    Jakarta-Taglibs Distribution</a>
  </li>
  </ul>
  </p>

  </section>

  <section name="Contributors" href="Contributors">
  <p>List of contributors:</p>

  <ul>
  <li>Shawn Bayern</li>
  </ul>

  </section>

  </body>
</document>
