<?xml version="1.0" encoding="utf-8"?>
<config>
<!-- 
  Copyright 2004 The Apache Software Foundation.
 
  Licensed under the Apache License, Version 2.0 (the "License");
  you may not use this file except in compliance with the License.
  You may obtain a copy of the License at

      http://www.apache.org/licenses/LICENSE-2.0

  Unless required by applicable law or agreed to in writing, software
  distributed under the License is distributed on an "AS IS" BASIS,
  WITHOUT WARRANTIES OR CONDITIONS OF ANY KIND, either express or implied.
  See the License for the specific language governing permissions and
  limitations under the License.
-->
  <input>
    <property-list>
      <property name="incompletetimeout"  value="1s"/>
      <property name="completetimeout"  value="1s"/>
    </property-list>
    <events>
      <link next="mainmenu.do">
        <grammar mode="voice" version="1.0" root="goback">
          <rule id="goback" scope="public">
            <one-of>
              <item>go back</item>
              <item>return back</item>
            </one-of>
          </rule>
        </grammar>
      </link>
      <link next="mainmenu.do">
        <grammar mode="voice" version="1.0" root="mainmenu">
          <rule id="mainmenu" scope="public">
            <one-of>
              <item>main menu</item>
              <item>start over</item>
            </one-of>
          </rule>
        </grammar>
      </link>
    </events>
    <prompt-list>
      <prompt> The following titles are available. 
	Please select one of <enumerate/></prompt>
    </prompt-list>
    <help-list>
      <help>
        <prompt>Please select an option.</prompt>
      </help>
    </help-list>
    <noinput-list>
      <noinput count="1">
        <prompt>I did not hear the option.</prompt>
      </noinput>
      <noinput count="2">
        <prompt>Could you please repeat the option?</prompt>
      </noinput>
    </noinput-list>
    <nomatch-list>
      <nomatch>
        <prompt>I am sorry. I didn't understand you. Please let me know 
		what option you're interested in.</prompt>
      </nomatch>
    </nomatch-list>
  </input>
  <confirm>
    <property-list>
      <property name="incompletetimeout" value="1s"/>
      <property name="completetimeout" value="1s"/>
    </property-list>
    <events>
      <link next="mainmenu.do">
        <grammar mode="voice" version="1.0" root="goback">
          <rule id="goback" scope="public">
            <one-of>
              <item>go back</item>
              <item>return back</item>
            </one-of>
          </rule>
        </grammar>
      </link>
      <link next="mainmenu.do">
        <grammar mode="voice" version="1.0" root="mainmenu">
          <rule id="mainmenu" scope="public">
            <one-of>
              <item>main menu</item>
              <item>start over</item>
            </one-of>
          </rule>
        </grammar>
      </link>
    </events>
    <prompt-list>
        <prompt>I think you said #{model.utterance}. Is that right? </prompt>
    </prompt-list>
    <help-list>
      <help>
        <prompt>To accept the option, say yes. To change your mind, say no.</prompt>
      </help>
    </help-list>
    <noinput-list>
      <noinput>
        <prompt>Is #{model.utterance} your the option you would like to choose? Please
          say yes or no.</prompt>
      </noinput>
    </noinput-list>
    <nomatch-list>
      <nomatch>
        <prompt>If #{model.utterance} is acceptable, say yes. Otherwise,
          say no.</prompt>
      </nomatch>
    </nomatch-list>
    <reject>
      <prompt>OK, lets try again.</prompt>
    </reject>
  </confirm>
  <validate>
    <handler errorCode="1">
      <prompt>There is no default or initial value available.
      </prompt>
    </handler>
  </validate>
  <echo>
    <property-list>
      <property name="universals" value="all"/>
    </property-list>
    <prompt-list>
      <prompt>OK, #{model.utterance}. Got it.</prompt>
    </prompt-list>
  </echo>
</config>
