<?xml version="1.0"?>
<document url="./addtaglib.xml">

  <properties>
    <author>Glenn Nielsen</author>
    <title>Adding a Custom Tag Library or Extension to JAKARTA-TAGLIBS</title>
  </properties>

  <body>

<section name="Adding a Custom Tag Library or Extension" href="Overview">
<a href="#Approval">New Project Submission</a><br/>
<a href="#Create">Create the new taglib or CTLX directory and file layout</a><br/>
<a href="#Standards">Tag Library Coding Standards</a><br/>
<a href="#Addtag">Adding a tag to the tag library</a><br/>
<a href="#Building">Building the tag library</a><br/>
<a href="#Addtaglib">Adding the tag library to the jakarta-taglibs repository</a><br/>
<a href="#Publish">Publishing the tag library to http://jakarta.apache.org/taglibs/</a><br/>
<a href="#Milestone">Publishing a milestone release</a><br/>
<a href="#Beta">Publishing a beta release</a><br/>
<a href="#Release">Publishing an official release</a><br/>
<a href="#manager">Release Manager Actions</a><br/>
</section>

<section name="New Project Submission" href="Approval">
<p>Submission of a new project (tag library or ctlx) must be done
according to the process defined in the document <a href="newprojectsubmission.html">
New Project Submission</a>. Once a new project is accepted for inclusion in the
sandbox, it must conform to the release structure described in this document.
</p>
<p>
Selecting
a unique name for the tag library or ctlx is the first step.  The {taglib-name}
is used as part of the naming convention for directories and
files which make up a tag library in the jakarta-taglibs
source repository.</p>
</section>

<section name="Create the new taglib or CTLX directory and file layout" href="Create">
<p>The directory and file structure for a new tag library or CTLX can be created
by using the ant build target <code>new.taglib</code> or <code>new.ctlx</code>.
<ul>
  <p>
  <code>ant new.taglib -Dtaglib.name=cooljsp</code><br/><br/>
  Creates a new taglib in the directory <code>jakarta-taglibs/cooljsp</code>.
  </p>
  <p>
  <code>ant new.ctlx -Dctlx.name=coolctlx1 -Dctlx.path=tools</code><br/><br/>
  Creates a new CTLX in the directory <code>jakarta-taglibs/tools/coolctlx1</code>.
  </p>
</ul>
</p>

<p>The xml files created above will be automatically customized for your new
project. Simply make sure that the required properties are properly defined
in build.properties.
<ul>
  <li><code>{taglib-name}</code> - replaced with the taglib or ctlx nickname (new.name).</li>
  <li><code>{display-name}</code> - replaced with the name used for taglib in documentation (new.name.display).</li>
  <li><code>{your-name}</code> - replace with your name as author of taglib (new.author).</li>
</ul>
</p>

<p>If your tag library will be using any API's or versions of API's
other than servlet.jar check the <code>jakarta-taglibs/build.properties.sample</code>
to see if a property is already configured for it.  If not,
add a new property so that the jar files required by your taglib
are available during a jakarta-taglibs build.  See your
taglib <code>build.xml</code> file for more information on adding
support to it for additional jar files.</p>
</section>

<section name="Tag Library Coding Standards" href="Standards">

<p>All the classes to implement the tag library should be in
the package <code>org.apache.taglibs.{taglib-name}</code>.</p>

<p>A project in Jakarta Taglibs must be released according to the 
rules defined in the document
<a href="http://cvs.apache.org/viewcvs.cgi/jakarta-taglibs/HOWTO-RELEASE?view=markup">
HOWTO-RELEASE</a> in the root of the jakarta-taglibs CVS repository.
</p>

<p>Please put the Apache Software Foundation license at the top of
each java source code file.</p>

<p>Please put the following cvs tags starting at the second line
of the Apache Software Foundation license comment:
<pre>
 * &#36;Header&#36;
 * &#36;Revision&#36;
 * &#36;Date&#36;
</pre>
CVS will expand the above tags out to provide revision information
inside the source file whenever you commit the file.
</p>

<p>Please comment your java source code files so that JavaDoc
can be used to generate API documentation for your taglib.</p>

<p>Please follow standard java coding conventions.</p>

<p>Please use the following capitalization conventions when
naming tags, attributes, and script variable bean properties.
<ul>
The first letter should always be lower case.  If the name
of a tag, attribute, or property consists of multiple words
concatenated together, capitalize the first character of
each new word in the name, after the first word. Example:
<code>theSecondWord</code>.
</ul>
</p>

<p>If you are not familiar with how the JSP tag lifecycle affects
the design of JSP tags, please review the document
<a href="guidelines.html">Taglib Developer Guidelines</a>.</p>

<p>Please use the following Java class naming conventions:
<ul>
<li>For java classes that implement a JSP Tag, use a class name
that is the same as the tag name with "Tag" appended.  For
example the "newBook" tag would be a class named NewBookTag.</li>
<li>If a tag creates a separate class to implement a bean, attribute,
or script variable for a tag, name it using the tag name.
For example, if the "newBook" tag created a scripting variable
scoped AT_END, the java class to implement the scripting
variable would be named NewBook.</li>
<li>If a tag creates a scripting variable, create a TagExtraInfo
class for it using the tag name followed by TEI.  Using the
"newBook" tag example, the TagExtraInfo class would be named
NewBookTEI.</li>
</ul>
</p>

<p>If your custom tag library requires additional JAR files
from external distributions, make sure that these dependencies
are clearly documented, as well as how
to acquire them.</p>
<p>
In order to facilitate an easy "out-of-the-box" experience,
it is allowed to check these dependencies in the CVS repository of the
tag library, so they can be bundled with the example webapp 
of the tag library.
</p>
</section>

<section name="Adding a tag to the tag library" href="Addtag">

<p>Change your directory (cd) to your taglib directory</p>

<p>Add a new <code>&lt;tag&gt;</code> declaration to your
<code>xml/{taglib-name}.xml</code>.</p>

<p>Develop the necessary java source code files required to implement
the new tag.</p>

<p>Create some static html and jsp pages in the 
<code>examples/web/</code> to test the new tag.
The first line in your example jsp pages must declare the
xml doctype using something similar to this:
<code>&lt;!doctype html public "-//w3c//dtd html 4.0 transitional//en"&gt;</code>.
The build of the examples war file will automatically create an
html file for each example jsp file. You can put a link in your
static html or jsp files to the html file generated from the jsp
source to add a view source link. For example, the file foo.jsp
would have a corresponding foo.html file generated.</p>
</section>

<section name="Building the tag library" href="Building">

<p>Change your directory (cd) to your taglib directory</p>

<p>Refer to the <a href="sourcedist.html">Using the JAKARTA-TAGLIBS Source Distribution</a>
documentation for information on how to build tag libraries using Ant.</p>
</section>

<section name="Adding the tag library to the jakarta-taglibs repository" href="Addtaglib">

<p>If you don't have commit privileges for jakarta-taglibs,
create a zip file of the taglib source and the committer sponsoring your
project will add it to the sandbox.
</p>

<p>If you have commit privileges, use CVS to add, then commit
the new taglib directories and files.  For more information
on using CVS for the jakarta-taglibs repository please see
the section Full Remote CVS Access in the
<a href="http://jakarta.apache.org/site/cvsindex.html">
Using CVS</a> document.</p>
</section>

<section name="Publishing the tag library to http://jakarta.apache.org/taglibs/" href="Publish">

<p>Change directory (cd) to the the <code>jakarta-taglibs</code> directory.</p>

<p>Edit the <code>src/doc/index.xml</code> file.
<ul>
Add a <code>&lt;newsitem&gt;</code> to the top of the <code>&lt;news&gt;</code>
section of the document announcing the new taglib.
<pre>
&lt;!-- Example news item
     &lt;newsitem date="05/19/2001" libname="MyTaglib"&gt;
       The new cool MyTaglib has been added.
     &lt;/newsitem&gt;
--&gt;
</pre>
</ul>
</p>

<p>Edit your <code>{taglib-name}/xml/intro.xml</code> and add a
<code>&lt;newsitem&gt;</code> to the <code>&lt;news&gt;</code> section announcing
the new tag library.</p>

<p>Edit <code>src/doc/project.xml</code>.  For a tag library, add a new
<code>&lt;item&gt;</code> to the <code>&lt;menu&gt;</code> for "Individual Tag Libraries".
For a ctlx, add a new <code>&lt;item&gt;</code> to the <code>&lt;menu&gt;</code> for
"Custom Tag Library Extensions".</p>

<p>Edit the jakarta-taglibs build.xml.
<ul>
Add a <code>&lt;target&gt;</code> to build the new taglib or ctlx.
<pre>
&lt;!-- Example taglib target
  &lt;target name="log"&gt;
    &lt;ant dir="./log" target="dist"/&gt;
  &lt;/target&gt;
--&gt;

&lt;!-- Example ctlx target
  &lt;target name="ultradev4"&gt;
    &lt;ant dir="./tools/UltraDev/4.0/ctlx" target="dist"/&gt;
  &lt;/target&gt;
--&gt;
</pre>
Add <code>{taglib-name}</code> to the depends attribute of the
<code>&lt;target&gt;</code> with name "dist" near the bottom of the file.
</ul>
</p>

<p>Do a test distribution build of all the jakarta-taglibs doing an
<code>ant dist</code> build in the main jakarta-taglibs directory.</p>

<p>Generate the Jakarta web site pages by doing an <code>ant compile.documentation</code>
build in the main jakarta-taglibs directory.</p>

<p>The web pages which would be published to the jakarta site for the taglib
or ctlx will be found in <code>build/{taglib-name}/{taglib-name}-doc/</code>.</p>

<p>Once you have confirmed that everything builds correctly you can
commit all these changes to the jakarta-taglibs CVS repository.</p>

<p>At this point the development state of the taglib is still develop.</p>

<p>Now that the taglib has been added to jakarta-taglibs information
about the taglib will be made available at http://jakarta.apache.org/
following the nightly jakarta-taglibs build.</p>

<p>Each night a script runs which will update the following information
at http://jakarta.apache.org/:
<ul>
<li>The main http://jakarta.apache.org/taglibs page will display
your newsitem and hava a link to the taglib on its left
navigation bar.</li>
<li>Information about this taglib will be available at
http://jakarta.apache.org/taglibs/doc/{taglib-name}-doc/</li>
<li>The documentation for the taglib development version will be at:
http://jakarta.apache.org/taglibs/doc/{taglib-name}-doc/nightly/</li>
<li>Nightly builds of the taglib binary distribution will be available at:
http://jakarta.apache.org/builds/jakarta-taglibs/nightly/projects/{taglib-name}
This is a binary snapshot of the current main development branch of
the taglib.</li>
<li>The taglib main development branch will also be included in the nightly
snapshot builds of the jakarta-taglibs source and binary distributions.</li>
<ul>
<li>http://jakarta.apache.org/builds/jakarta-taglibs/nightly/</li>
<li>http://jakarta.apache.org/builds/jakarta-taglibs/nightly/src/</li>
</ul>
</ul>
</p>
</section>

<section name="Publishing a milestone release" href="Milestone">

<p>See the HOWTO-RELEASE text file for information about when to
do a milestone release.</p>

<p>If the taglib design is fully implemented, you can skip this
step and go right to Publishing a beta release.</p>

<p>Propose to the taglibs-dev list that a milestone release be
published.  Once approved by the jakarta-taglib committers
you can perform the milestone release.</p>

<p>Determine the major, minor, and milestone release numbers
for the taglib. Milestone releases start at 1 and are incremented
for each subsequent milestone release.</p>

<p>The <code>{release-name}</code> will be
<code>{taglib-name}-{major}.{minor}-M{milestone-number}</code>.</p>

<p>The filenames for this release will be
<code>jakarta-taglibs-{release-name}.zip</code> and
<code>jakarta-taglibs-{release-name}.tar.gz</code>.</p>

<p>Update the jakarta web site by editing <code>src/doc/index.xml</code>:
<ul>
<li>Add a <code>&lt;newsitem&gt;</code> announcing the milestone release.</li>
</ul>
</p>

<p>Update your jakarta web site documentation by editing
<code>{taglib-name}/xml/intro.xml</code>:
<ul>
<li>Add a <code>&lt;newsitem&gt;</code> announcing the milestone release.</li>
<li>Uncomment the area in the Download section for downloading
a release of {taglib-name} Tag Library.</li>
<li>Uncomment the area in the Documentation section for viewing
the release documentation of {taglib-name} Tag Library.</li>
</ul>
</p>

<p>Update the &lt;revision&gt; section of your xml/{taglib-name}.xml
file so that the changes.html file for your taglib is up to date.</p>

<p>Make sure you have committed all your {taglib-name} and
jakarta-taglibs changes to CVS.</p>

<p>Create a branch of the {taglib-name} source in CVS:
<ul>
<li>Change directory (cd) to <code>jakarta-taglibs/{taglib-name}/</code>
<code>cvs tag -b {taglib-name}-{major}-{minor}-M{milestone-number}</code>.</li>
<li>Your local copy of the <code>jakarta-taglibs/{taglib-name}/</code> will 
still be set to the main development branch of your taglib.</li>
</ul>
</p>

<p>Send an email to the taglibs-dev list requesting that the
Jakarta-Taglibs Project release manager perform the
tag library or CTLX milestone release.</p>

<p>The documentation for the taglib release will be at:
http://jakarta.apache.org/taglibs/doc/{taglib-name}-doc/{release-name}/</p>

<p>The taglib release will be available for download at:
http://www.apache.org/dist/jakarta/taglibs/{taglib-name}/
</p>
</section>

<section name="Publishing a beta release" href="Beta">

<p>See the HOWTO-RELEASE text file for information about when to
do a beta release.</p>

<p>Propose to the taglibs-dev list that a beta release be
published.  Once approved by the jakarta-taglib committers
you can perform the beta release.</p>

<p>Determine the major, minor, bug fix, and beta release numbers
for the taglib. Beta releases start at 1 and are incremented
for each subsequent beta release.</p>

<p>The <code>{release-name}</code> will be
<code>{taglib-name}-{major}.{minor}.{bug-fix}-B{beta-number}</code>.</p>

<p>The filenames for this release will be
<code>jakarta-taglibs-{release-name}.zip</code> and 
<code>jakarta-taglibs-{release-name}.tar.gz</code>.</p>

<p>Update the jakarta web site by editing <code>src/doc/index.xml</code>:
<ul>
<li>Add a <code>&lt;newsitem&gt;</code> announcing the beta release.</li>
</ul>
</p>

<p>Update your jakarta web site documentation by editing
<code>{taglib-name}/xml/intro.xml</code>:
<ul>
<li>Add a <code>&lt;newsitem&gt;</code> announcing the beta release.</li>
<li>Uncomment the area in the Download section for downloading
a release of {taglib-name} Tag Library.</li>
<li>Uncomment the area in the Documentation section for viewing
the release documentation of {taglib-name} Tag Library.</li>
</ul>
</p>

<p>Update the &lt;revision&gt; section of your xml/{taglib-name}.xml
file so that the changes.html file for your taglib is up to date.</p>

<p>Make sure you have committed all your {taglib-name} and
jakarta-taglibs changes to CVS.</p> 

<p>Create a branch of the {taglib-name} source in CVS:
<ul>
<li>Change directory (cd) to <code>jakarta-taglibs/{taglib-name}/</code>
<code>cvs tag -b {taglib-name}-{major}-{minor}-{bug-fix}-B{beta-number}</code>.</li>
<li>Your local copy of the <code>jakarta-taglibs/{taglib-name}/</code> will
still be set to the main development branch of your taglib.</li>
</ul>
</p>

<p>Send an email to the taglibs-dev list requesting that the
Jakarta-Taglibs Project release manager perform the
tag library or CTLX beta release.</p>

<p>The documentation for the taglib release will be at:
http://jakarta.apache.org/taglibs/doc/{taglib-name}-doc/{release-name}/</p>

<p>The taglib release will be available for download at:
http://www.apache.org/dist/jakarta/taglibs/{taglib-name}/
</p>
</section>

<section name="Publishing an official release" href="Release">

<p>See the HOWTO-RELEASE text file for information about when to
do an official release.</p>

<p>Propose to the taglibs-dev list that an official release be
published.  Once approved by the jakarta-taglib committers
you can perform the release.</p>

<p>Determine the major, minor, bug fix release numbers
for the taglib.</p>

<p>The <code>{release-name}</code> will be
<code>{taglib-name}-{major}.{minor}.{bug-fix}</code>.</p>

<p>The filenames for this release will be
<code>jakarta-taglibs-{release-name}.zip</code> and 
<code>jakarta-taglibs-{release-name}.tar.gz</code>.</p>

<p>Update the jakarta web site by editing <code>src/doc/index.xml</code>:
<ul>
<li>Add a <code>&lt;newsitem&gt;</code> announcing the release.</li>
</ul>
</p>

<p>Update your jakarta web site documentation by editing
<code>{taglib-name}/xml/intro.xml</code>:
<ul>
<li>Add a <code>&lt;newsitem&gt;</code> announcing the official release.</li>
<li>Uncomment the area in the Download section for downloading
a release of {taglib-name} Tag Library.</li>
<li>Uncomment the area in the Documentation section for viewing
the release documentation of {taglib-name} Tag Library.</li>
</ul>
</p>

<p>Update the &lt;revision&gt; section of your xml/{taglib-name}.xml
file so that the changes.html file for your taglib is up to date.</p>

<p>Make sure you have committed all your {taglib-name} and
jakarta-taglibs changes to CVS.</p>

<p>Create a branch of the {taglib-name} source in CVS:
<ul>
<li>Change directory (cd) to <code>jakarta-taglibs/{taglib-name}/</code>
<code>cvs tag -b {taglib-name}-{major}-{minor}-{bug-fix}</code>.</li>
<li>Your local copy of the <code>jakarta-taglibs/{taglib-name}/</code> will
still be set to the main development branch of your taglib.</li>
</ul>
</p>

<p>Send an email to the taglibs-dev list requesting that the
Jakarta-Taglibs Project release manager perform the
tag library or CTLX release.</p>

<p>The documentation for the taglib release will be at:
http://jakarta.apache.org/taglibs/doc/{taglib-name}-doc/{release-name}/</p>

<p>The taglib release will be available for download at:
http://www.apache.org/dist/jakarta/taglibs/{taglib-name}/
</p>
</section>

<section name="Release Manager Actions" href="manager">
<p>Prerequisites:
<ul>
<li>The jakarta-taglibs committer performing a release must have
a shell account on the apache web server.</li>
<li>The jakarta-taglibs committer performing a release must have
a PGP key for signing the release. See
<a href="http://www.apache.org/dist/jakarta/taglibs/KEYS">
http://www.apache.org/dist/jakarta/taglibs/KEYS</a></li>
<li>Please add any knew pgp keys to the jakarta-taglibs CVS repository
<code>src/site/builds/releases/KEYS</code> file.</li>
<li>Publish the new KEYS file to the
<code>/www/www.apache.org/dist/jakarta/taglibs</code> directory at
www.apache.org.</li>
</ul>
</p>

<p>Building a release:
<ul>
<li>This works for any taglib that uses the common taglib ant build. If the
taglib does not use this, you are on your own.</li>
<li>Checkout a clean copy of jakarta-taglibs from CVS:
  <code>cvs co jakarta-taglibs</code>.</li>
<li>cd to the directory for the taglib being released: 
  <code>cd jakarta-taglibs/{taglib-name}</code>.</li>
<li>Use ant to build the release distribution passing in the release version:
  <code>ant -Drelease={release-version} -Ddist.dir=../dist/jakarta-taglibs release</code>.</li>
<li>Create a new CVS tag for that release (running <code>cvs tag <i>release_tag_name</i></code>)</li>
<li>Sign the tar.gz and zip files for the taglib release found in the dist directory.</li>
</ul>
</p>

<p>Publishing the release:
<ul>
<li>Publish the release documentation found in the dist dir to the
http://jakarta.apache.org/ webiste location identified for the release.
Make sure the group write bit is set for all directories and files.</li>
<li>Publish the release distributions to the http://www.apache.org/ website
  <ul>
  <li>Publish the distributions and .asc files found in the dist dir to the
      <code>/www/www.apache.org/dist/jakarta/taglibs/{taglib-name}/binaries</code>
      directory at www.apache.org. Make sure the group write bit is set for all
      directories and files.</li>
  <li>Change directory <code>cd</code> to the
      <code>/www/www.apache.org/dist/jakarta/taglibs/{taglib-name}</code>
      directory at www.apache.org. Remove the soft links to any previous versions
      and recreate the soft link to all the files in the
      <code>binaries</code> directory using <code>current</code> as the version.
      <code>ln -s binaries/jakarta-taglibs-application-1.0.1.zip jakarta-taglibs-application-current.zip</code></li>
  <li>Remove any old release distributions no longer needed. Remove any soft
      links for any old release distributions, then remove the distributions from
      the <code>binaries</code> directory.</li>
  </ul>
</li>
<li>Announce the release to announcements@jakarta.apache.org,
taglibs-user@jakarta.apache.org, and taglibs-dev@jakarta.apache.org.</li>
</ul>
</p>

</section>

  </body>
</document>
