<?xml version="1.0"?>
<document url="./deprecatedtaglibs.xml">


  <properties>
    <author>Pierre Delisle</author>
    <author>Rahul Akolkar</author>
    <title>Jakarta Taglibs - Deprecated Taglibs</title>
  </properties>

  <body>

<section name="Deprecated Tag Libraries">
<p>
The following tag libraries have been deprecated:
</p>
<ul>
  <li><a href="doc/application-doc/intro.html">Application (1.1)</a></li>
  <li><a href="doc/dbtags-doc/intro.html">DBTags (1.1)</a></li>
  <li><a href="doc/page-doc/intro.html">Page (1.1)</a></li>
  <li><a href="doc/request-doc/intro.html">Request (1.1)</a></li>
  <li><a href="doc/response-doc/intro.html">Response (1.1)</a></li>
  <li><a href="doc/session-doc/intro.html">Session (1.1)</a></li>
  <li><a href="doc/utility-doc/intro.html">Utility (1.1)</a></li>
  <li><a href="doc/xsl-doc/intro.html">XSL (1.1)</a></li>
</ul>

</section>
</body>
</document>