<?xml version="1.0"?>
<document url="./index.xml">


  <properties>
    <author>Justyna Horwat</author>
    <author>Pierre Delisle</author>
    <author>Shawn Bayern</author>
    <title>The Jakarta Taglibs Project</title>
  </properties>

  <body>

  <section name="Jakarta Taglibs" href="Welcome">

    <p> 
   This project is an open-source repository for JSP custom tag libraries
   and associated projects, such as TagLibraryValidator classes and
   extensions to page-creation tools to support tag libraries.
   For a general description of Tag Libraries, please see <a href="http://java.sun.com/products/jsp/taglibraries.html">
   JSP(tm) Tag Libraries</a>.
  </p>
  <p>
   Jakarta Taglibs also hosts the development tree of the
   reference implementation (RI) for the <a href="http://java.sun.com/products/jsp/jstl">JSP Standard Tag Library (JSTL)</a>.
   This implementation is done under project <a href="doc/standard-doc/intro.html">standard</a>. Currently, no other
   tag libraries in Jakarta Taglibs represent Java Community Process (JCP)
   standards.
  </p>

<ul>
<li><a href="#Project Categories">Project Categories</a></li>
    <li><a href="#News">News</a></li>
    <li><a href="#Downloads">Downloads</a></li>
    <li><a href="#MailingLists">Mailing Lists</a></li>
    <li><a href="#Bugs">Reporting Bugs and Feature Requests</a></li>
    <li><a href="#GettingInvolved">Getting Involved</a></li>
    <li><a href="#Links">Links of Interest</a></li>
</ul>

  </section>

  <section name="Project Categories" href="Categories">
<p>
The JSP Custom Tag Libraries and other related projects are broken up into
the following categories in the left menu.
</p>
<ul>
       <li><u>JCP Standardized Tag Libraries</u></li><br></br>

  This category is for the JSP Standard Tag Library (JSTL), standardized under the
  <a href="http://jcp.org">Java Community Process (JCP)</a>. JSTL is a collection
  of tag libraries that cover the following functionality: conditionals, iterators,
  accessing URL resources, internationalization and text formatting, database access
  (SQL), and XML processing.
</ul>
<ul>
<li>   <u>Supported Tag Libraries</u></li><br></br>

       Tag libraries that are officially supported at Jakarta Taglibs.
       It is important
       to note that the functionality covered by some of these tag libraries 
       may coincide with standardization efforts in the Java Community
       Process (JCP), both presently and in the future.
</ul>
<ul>
<li>       <u>Tool Extensions</u></li><br></br>
Custom Tag Library Extensions (CTLX) are extensions for popular web publishing tools which add support for use of JSP
                  custom taglibs.
</ul> 
<ul>
<li>       <u>Sandbox</u></li><br></br>
Projects under development but not yet officialy supported by the Jakarta Taglibs Project. This is where new project submissions are first introduced to Jakarta Taglibs (see <a href="#GettingInvolved">Getting Involved</a>). 
</ul> 
<p> Note that the minimum JSP container requirement for a tag library is listed in parentheses next to the libary name. For example, "Standard-1.0 (1.2)" means that the "Standard" tag library 1.0 will work on any JSP 1.2 container and above. 
</p>   
<p>
    Over time, some projects are deprecated because their functionality is covered by JCP standardized
    tag libraries, or because newer, improved projects
    supersede them. Deprecated tag libraries can be accessed <a href="deprecatedtaglibs.html">here</a>.
</p>
</section>
  <section name="News" href="News">
    <news>
      <newsitem date="08/04/2005" libname="RDC">
        The Reusable Dialog Components (RDC) Taglib has
        <a href="http://jakarta.apache.org/site/news/news-2005-q3.html#20050804.1">
        migrated</a> to Taglibs-Proper after its graduation from Taglibs-Sandbox.
      </newsitem>
      <newsitem date="07/26/2005" libname="RDC">
        Version 1.0.0 of the Reusable Dialog Components (RDC) Taglib has been 
        <a href="http://jakarta.apache.org/site/downloads/downloads_taglibs-rdc.cgi">
        released</a>.
      </newsitem>
      <newsitem date="10/25/2004" libname="standard">
        Version 1.1.2 of the Standard Taglib 1.1 (JSTL 1.1) has been 
        <a href="http://jakarta.apache.org/site/binindex.cgi#Release%20Builds">
        released</a>.
      </newsitem>
      <newsitem date="07/20/2004" libname="standard">
        Version 1.1.1 of the Standard Taglib 1.1 (JSTL 1.1) has been 
        <a href="http://jakarta.apache.org/site/binindex.cgi#Release%20Builds">
        released</a>.
      </newsitem>
      <newsitem date="07/20/2004" libname="standard-1.0">
        Version 1.0.6 of the Standard Taglib 1.0 (JSTL 1.0) has been 
        <a href="http://jakarta.apache.org/site/binindex.cgi#Release%20Builds">
        released</a>.
      </newsitem>
      <newsitem date="05/17/2004" libname="string">
        Version 1.1.0 of the String taglib has been released.
      </newsitem>
      <newsitem date="03/15/2004" libname="dbtags">
        Version 1.0.0 of the DBTags taglib has been released.
      </newsitem>
      <newsitem date="03/15/2004" libname="random">
        Version 1.0.2 of the Random taglib has been released.
      </newsitem>
      <newsitem date="01/30/2004">
       Standard Taglib version 1.1.0 - First official release of our 
       implementation of JSTL 1.1 - is now
       available from the <a href="http://jakarta.apache.org/site/binindex.cgi#Release%20Builds">
       Apache Jakarta Project Mirrors</a>.
      </newsitem>
      <newsitem date="01/30/2004">
       Standard Taglib version 1.0.5 (JSTL 1.0) - another bugfix release - is now
       available from the <a href="http://jakarta.apache.org/site/binindex.cgi#Release%20Builds">
       Apache Jakarta Project Mirrors</a>.
      </newsitem>
      <newsitem date="09/25/2003">
       Standard Taglib version 1.1.0-B1 - early access (Beta 1) of our 
       implementation of JSTL 1.1 - is now
       available from the <a href="http://jakarta.apache.org/site/binindex.cgi#Release%20Builds">
       Apache Jakarta Project Mirrors</a>.
      </newsitem>
      <newsitem date="09/25/2003">
       Standard Taglib version 1.0.4 (JSTL 1.0) - another bugfix release - is now
       available from the <a href="http://jakarta.apache.org/site/binindex.cgi#Release%20Builds">
       Apache Jakarta Project Mirrors</a>.
      </newsitem>
      <newsitem date="02/20/2003" libname="standard">
       Standard Taglib version 1.0.3 -- another minor bugfix release -- is now
       <a href="/builds/jakarta-taglibs/releases/standard/">available</a>.
      </newsitem>
      <newsitem date="02/20/2003" libname="string">
        Version 1.0.1 of the String taglib has been released.
      </newsitem>
      <newsitem date="01/12/2003" libname="log">
        Version 1.0 of the Log taglib has been released.
      </newsitem>
      <newsitem date="12/6/2002" libname="mailer">
        Version 1.1 of the Mailer taglib has been released.
      </newsitem>
      <newsitem date="12/1/2002" libname="xsl">
        The XSL tag library is now deprecated. Use the XTags tag library
        or the Standard tag library.
      </newsitem>
      <newsitem date="12/1/2002" libname="utility">
        The Utility tag library is now deprecated. It was only an example.
      </newsitem>
      <newsitem date="12/1/2002" libname="application">
        Version 1.0.1 of the Application taglib has been released.
      </newsitem>
      <newsitem date="12/1/2002" libname="datetime">
        Version 1.0.1 of the Datetime taglib has been released.
      </newsitem>
      <newsitem date="12/1/2002" libname="page">
        Version 1.0.1 of the Page taglib has been released.
      </newsitem>
      <newsitem date="12/1/2002" libname="random">
        Version 1.0.1 of the Random taglib has been released.
      </newsitem>
      <newsitem date="12/1/2002" libname="regexp">
        Version 1.0.1 of the Regexp taglib has been released.
      </newsitem>
      <newsitem date="12/1/2002" libname="request">
        Version 1.0.1 of the Request taglib has been released.
      </newsitem>
      <newsitem date="12/1/2002" libname="response">
        Version 1.0.1 of the Response taglib has been released.
      </newsitem>
      <newsitem date="12/1/2002" libname="session">
        Version 1.0.1 of the Sessions taglib has been released.
      </newsitem>
      <newsitem date="12/1/2002" libname="xsl">
        Version 1.0.1 of the XSL taglib has been released.
      </newsitem>
      <newsitem date="12/1/2002" libname="benchmark">
        Version 1.0 of the Benchmark taglib has been released.
      </newsitem>
      <newsitem date="10/22/2002">
       To ensure that the names of taglib jar files and tld files are unique
       and are more readily identified with Jakarta-Taglibs almost all 
       taglib jar files and tld files are now prefixed with "taglibs-".
       This change will be found in all nightly builds and releases starting
       today.
      </newsitem>
      <newsitem date="10/13/2002" libname="standard">
       Standard Taglib version 1.0.2 -- another minor bugfix release -- is now
       <a href="http://www.apache.org/dist/jakarta/taglibs/releases/standard/">
       available</a>.
      </newsitem>
      <newsitem date="10/08/2002" libname="string">
        Version 1.0 of the String taglib has been released.
      </newsitem>
      <newsitem date="7/27/2002">
       Standard Taglib version 1.0.1 -- a minor bugfix release -- is now
       <a href="http://www.apache.org/dist/jakarta/taglibs/releases/standard/">
       available</a>.
      </newsitem>
      <newsitem date="06/21/2002" libname="standard">
        Final 1.0 release of Jakarta Taglibs's Standard Taglib,
        an implementation of the <b>JSP Standard Tag Library (JSTL)</b>,
	is now available for
        <a href="http://www.apache.org/dist/jakarta/taglibs/releases/standard/">
        download</a>.
	Learn more about JSTL at <a href="http://java.sun.com/products/jsp/jstl">Sun's JSTL site</a>.
      </newsitem>
      <newsitem date="06/17/2002" libname="standard">
        RC1 release of the Standard Taglib.
      </newsitem>
      <newsitem date="04/19/2002" libname="standard">
        Beta 2 release of the Standard Taglib.
      </newsitem>
      <newsitem date="04/14/2002" libname="mailer">
        Version 1.0 of the Mailer taglib has been released.
      </newsitem>
      <newsitem date="04/02/2002" libname="cache">
        The Cache Taglib, for caching JSP page fragments, is now under
        development.
      </newsitem>
    </news>
  </section>
  
  <section name="Downloads" href="Downloads">

  <p>Nightly builds for the Entire Jakarta Taglibs Distributions:</p>
<ul>
<li><a href="http://jakarta.apache.org/builds/jakarta-taglibs/nightly">
Binary</a></li>
<li><a href="http://jakarta.apache.org/builds/jakarta-taglibs/nightly/src">
Source</a></li>
<li><a href="http://jakarta.apache.org/builds/jakarta-taglibs/nightly/projects/doc">
Documentation</a></li>
</ul>

  <p>Per Project Binary Distributions:</p>
<ul>
<li>Please use one of the <a href="http://jakarta.apache.org/site/binindex.cgi#Release%20Builds">
Apache Jakarta Project Mirror Sites</a> to download Releases</li>
<li><a href="http://jakarta.apache.org/builds/jakarta-taglibs/nightly/projects/">
Nightly</a></li>
</ul>

  <p>Nightly builds for the Entire Jakarta Taglibs Sandbox Distributions:</p>
<ul>
<li><a href="http://jakarta.apache.org/builds/jakarta-taglibs-sandbox/nightly/">
Binary</a></li>  
<li><a href="http://jakarta.apache.org/builds/jakarta-taglibs-sandbox/nightly/src">
Source</a></li>  
</ul>

  <p>Note that the left menu may also be used to access individual projects and their distributions.</p>

  <p>For more information on how to use the distributions,
    please refer to the following documentation:</p>

  <ul>
  <li>Using the Jakarta Taglibs <a href="binarydist.html">Binary Distribution</a></li>
  <li>Using the Jakarta Taglibs <a href="sourcedist.html">Source Distribution</a></li>
  </ul>

  </section>

  <section name="Mailing Lists" href="MailingLists">
Jakarta Taglibs offers two mailing lists to its community:
  <ul>
  <li><strong>Taglibs-User</strong><br/>
      Subscribe to the
      <a href="mailto:taglibs-user-subscribe@jakarta.apache.org">taglibs-user@jakarta.apache.org</a>
      mailing list to communicate with other developers that are using
      taglibs for their own applications, including questions about the
      installation of Jakarta Taglibs, and the usage of particular Jakarta
      Taglibs features.</li>
</ul>
<ul>
  <li><strong>Taglibs-Dev</strong><br/>
      Subscribe to the
      <a href="mailto:taglibs-dev-subscribe@jakarta.apache.org">taglibs-dev@jakarta.apache.org</a>
      mailing list to communicate with other developers interested in expanding
      and improving the functionality supported by Jakarta Taglibs itself.</li>
</ul>
</section>

  <section name="Reporting Bugs and Feature Requests" href="Bugs">

  <p>To report a bug, or request a feature enhancement, go to:
  <a href="http://issues.apache.org/bugzilla">
  http://issues.apache.org/bugzilla</a>.  When filling out a bug report
  or feature request, please follow these simple rules:</p>

  <ul>
    <li>Select Taglibs from the product list</li>
    <li>Include the tag library where the problem exists</li>
    <li>Details of your operating environment</li>
    <li>Explanation of the problem</li>
    <li>A way to reproduce the problem if possible</li>
    <li>Any other information that may be pertinent</li>
  </ul>

  <p>If you have developed a patch for the bug please attach it to
    the bug report.
    See <a href="http://jakarta.apache.org/site/source.html#Patches">
    http://jakarta.apache.org/site/source.html#Patches</a> for information
    on how to create a patch.</p>

  </section>

  <section name="Getting Involved" href="GettingInvolved">

<p><b><u>New Project Submission</u></b><br/>

As an open-source repository of tag libraries related projects, Jakarta Taglibs depends on the 
contributions of its community to grow its portfolio of useful, high quality
tag libraries and associated projects (TLVs, tool extensions).
</p>
<p>
New project submissions all take root in the
<b><i>sandbox</i></b>. The sandbox provides developers with a low cost mechanism to
publish their work so they can get the exposure necessary to see if the project
is a good fit for Jakarta Taglibs. 
Consult the document <a href="newprojectsubmission.html">New Project Submission</a> for details on
how to submit your own project for inclusion in the sandbox.
</p>
<p>
A project is eventually promoted as an "officially supported project at 
Jakarta Taglibs" once it has been through a successful evaluation period
and vote.
</p>
<p><b><u>Becoming a Committer</u></b><br/>
As described in the <a href="newprojectsubmission">New Project Submission</a>
document, contributing an individual project is the standard way
to acquire Committer status to Jakarta Taglibs.
</p>
<p><b><u>Patch Submission</u></b><br/>
Patches can be contributed by attaching them to a bugzilla bug report
or enhancement request. See
<a href="http://jakarta.apache.org/site/source.html#Patches">
http://jakarta.apache.org/site/source.html#Patches</a> for information
on how to create a patch.
After discussion and acceptance, one of the existing Committers will
add your contribution to the Jakarta Taglibs source code base (with credit to
you, of course).</p>
  </section>

  <section name="Links of Interest" href="Links">
<b>Tutorials</b><br/>
  <ul>
  <li><a href="tutorial.html">Jakarta Taglibs Tutorial</a></li>
  <li><a href="http://java.sun.com/webservices/docs/1.0/tutorial/index.html">
    Java Web Services Tutorial</a>
    <ul>
      <li><a href="http://java.sun.com/webservices/docs/1.0/tutorial/doc/JSPTags.html">
        Custom Tags</a></li>
      <li><a href="http://java.sun.com/webservices/docs/1.0/tutorial/doc/JSTL.html">
        JSP Standard Tag Library (JSTL)</a></li>
    </ul>
  </li>
  <li>
    <a href="http://developer.java.sun.com/developer/Books/javaserverpages/cservletsjsp/chapter14.pdf">
      Core Servlets and JavaServer Pages Tutorial (PDF)</a></li>
  <li><a href="http://www.orionserver.com/tutorials/tagtut/lesson1/lesson1.html">
    Orion Server Tutorial</a></li>
  </ul>
<b>JSP and Tag Libraries at Sun</b><br/>
  <ul>
  <li><a href="http://java.sun.com/products/jsp/taglibraries">Tag Libraries</a></li>
  <li><a href="http://java.sun.com/products/jsp/jstl">JSP Standard Tag Library (JSTL)</a></li>
  <li><a href="http://java.sun.com/products/jsp">JSP</a></li>
  </ul>
  </section>


  </body>
</document>
