<?xml version="1.0"?>
<document url="./newprojectsubmissions.xml">


  <properties>
    <author>Pierre Delisle</author>
    <title>Jakarta Taglibs - New project Submission</title>
  </properties>

  <body>

<section name="New Project Submission">
<p>
As an open-source repository of JSP tag libraries and related projects, Jakarta Taglibs
depends on the contributions of its community to grow its portfolio of
useful, high quality tag libraries and associated projects (TLVs, tool extensions).
</p>
<p>
New project submissions all take root in the <i><b>sandbox</b></i>. The sandbox
provides developers with a low cost mechanism to publish their work so
they can get the exposure necessary to see if the project is a good fit
for Jakarta Taglibs.
</p>
<p>
The sandbox is <b>not</b> a repository to start projects from 
scratch. New projects added to the sandbox must already be in a shape and
form that complies with the development and release guidelines established
for projects officially supported at Jakarta Taglibs.
</p>
<p>
The submission of a new project goes through the following 
four phases:
</p>
<ol>
   <li> Proposal</li>
   <li> Sponsorship</li>
   <li> Evaluation</li>
   <li> Vote</li>
</ol>
</section>

<section name="1. Proposal">
<p>
The first step consists in sending a project proposal to the 
taglibs-dev mailing list.
</p>
<p>
The project proposal must include the following 4 sections:
</p>
<p><b>I) Motivation</b><br/>
   Why is this tag library useful? What specific problem does it solve?
</p>
<p><b>II) Overview</b><br/>
   Present the main use cases for the tag library, along with 
   sample JSP code.
</p>
<p><b>III) Requirements</b><br/>
Specify the JSP version the proposal targets, as well as its dependencies
(JDK, other projects, etc.).

</p>
<p><b>IV) Commitment</b><br/>
   State your level of commitment.
   The assumption is that whoever submits a tag library for consideration
   will be willing to assume the role of committer to support the library.
</p>
<p>
As a guideline for sections I and II, you may want to refer to the 
<a href="http://java.sun.com/products/jsp/jstl#specification">JSTL specification (section 2.1 - How Actions are Documented).</a>.
</p>
<p>
The project should be made available as a compressed file either publicly
through a URL, or if a public URL is not available, sent directly to anyone requesting it to the submitter.
</p>
<p>
If a project is accepted for inclusion in the sandbox, it must comply
with the release framework used at Jakarta Taglibs and described 
in the document <a href="addtaglib.html">Adding a Tag Library</a>.
</p>
<p>
Developers should also be familiar with
the guidelines described in <a href="guidelines.html">Taglib Developer Guidelines</a>.
</p>
</section>
<section name="2. Sponsorship">
<p>
If the person submitting the proposal is already a committer at Jakarta Taglibs,
the project can be added immediately to the sandbox. 
</p>
<p>
Otherwise, the submitter must be sponsored by a Jakarta Taglibs
committer who will be responsible for adding/maintaining the project in the
sandbox.
</p>
<p>
A period of 4 weeks is given to allow interested committers a chance to get
the source code of the project and see if they are willing to sponsor it.
If after 4 weeks no one has volunteered to sponsor the project, it is then
the responsibility of the submitter to send a second notice to the taglibs-dev
mailing list asking for feedback.
</p>
<p>
One of the committers at jakarta-taglibs will then "volunteer" to gather feedback 
on the tag library and send it to the submitter within a 2 week period.
Following this, the submission is either allowed to enter the sandbox, or rejected.
</p>
</section>
<section name="3. Evaluation">
<p>
Once a new project submission is included in the sandbox, it is the responsibility
of the submitter to promote its availability to various mailing lists such
as taglibs-user. The goal is to use this evaluation period to "kick the tires"
and rally support for the eventual inclusion of the project 
within Jakarta Taglibs.
</p>
</section>
<section name="4. Vote">
<p>
Once the tag library has been through a successful evaluation period
and that testimony can be provided to support its usefulness and quality, a vote
can be called by the submitter to promote the project as an 
officially supported project at Jakarta Taglibs.
</p>
<p>
The standard <a href="http://jakarta.apache.org/site/decisions.html">decision making process</a>
applies, with a consensus approval required to accept a new project.
</p>
<p>
A vote should occur within 6 months of the introduction of a project
in the sandbox.
</p>
</section>
</body>
</document>