<?xml version="1.0" encoding="ISO-8859-1"?>
<project name="Taglibs Framework"
         href="http://jakarta.apache.org/taglibs"
        image="images/taglibs.gif">

    <menu name="Home" local="true">
      <item name="Jakarta Taglibs" href="index.html"/>
    </menu>

    <menu name="JCP Standardized Tag Libraries" local="true">
      <item name="Standard-1.0: JSTL 1.0 (1.2)" href="doc/standard-1.0-doc/intro.html"/>
      <item name="Standard-1.1: JSTL 1.1 (2.0)" href="doc/standard-doc/intro.html"/>
    </menu>

    <menu name="Supported Tag Libaries" local="true">
      <item name="Benchmark (1.1)"   href="doc/benchmark-doc/intro.html"/>
      <item name="BSF (1.1)"         href="doc/bsf-doc/intro.html"/>
      <item name="Cache (1.2)"       href="doc/cache-doc/intro.html"/>
      <item name="DateTime (1.1)" href="doc/datetime-doc/intro.html"/>
      <item name="I18N (1.1)"     href="doc/i18n-doc/intro.html"/>
      <item name="Input (1.1)"    href="doc/input-doc/intro.html"/>
      <item name="IO (1.1)"       href="doc/io-doc/intro.html"/>
      <item name="JMS (1.1)"      href="doc/jmstags-doc/intro.html"/>
      <item name="JNDI (1.1)"     href="doc/jndi-doc/intro.html"/>
      <item name="Log (1.1)"      href="doc/log-doc/intro.html"/>      
      <item name="Mailer (1.1)"   href="doc/mailer-doc/intro.html"/>
      <item name="Random (1.1)"   href="doc/random-doc/intro.html"/>
      <item name="RDC - Reusable Dialog Components (2.0)" href="doc/rdc-doc/intro.html"/>
      <item name="Regexp (1.1)"   href="doc/regexp-doc/intro.html"/>
      <item name="Scrape (1.1)"   href="doc/scrape-doc/intro.html"/>      
      <item name="String (1.1)"   href="doc/string-doc/intro.html"/>
      <item name="XTags (1.1)"    href="doc/xtags-doc/intro.html"/>      
    </menu>

    <menu name="Tool Extensions" local="true">
      <item name="UltraDev 4.0" href="doc/ultradev4-doc/intro.html"/>
    </menu>

    <menu name="Sandbox" local="true">
      <item name="Image (1.1)" href="sandbox/doc/image-doc/intro.html"/>    
      <item name="Iterators (1.2)" href="sandbox/doc/iterators-doc/intro.html"/>
      <item name="Unstandard (1.2)" href="sandbox/doc/unstandard-doc/intro.html"/>
      <item name="Data Grid (1.2)" href="sandbox/doc/datagrid-doc/intro.html"/>
      <item name="Mailer 2 (2.0)" href="sandbox/doc/mailer2-doc/intro.html"/>
    </menu>

    <menu name="Deprecated Tag Libraries" local="true">
      <item name="Application (1.1)" href="doc/application-doc/intro.html"/>
      <item name="DBTags (1.1)"   href="doc/dbtags-doc/intro.html"/>
      <item name="Page (1.1)"     href="doc/page-doc/intro.html"/>
      <item name="Request (1.1)"  href="doc/request-doc/intro.html"/>
      <item name="Response (1.1)" href="doc/response-doc/intro.html"/>
      <item name="Session (1.1)"  href="doc/session-doc/intro.html"/>
      <item name="Utility (1.1)"  href="doc/utility-doc/intro.html"/>
      <item name="XSL (1.1)"      href="doc/xsl-doc/intro.html"/>
    </menu>

    <menu name="Jakarta Community" local="false">
      <item name="Get Involved" href="http://jakarta.apache.org/site/getinvolved.html"/>
      <item name="Mailing Lists" href="http://jakarta.apache.org/site/mail.html"/>
      <item name="CVS Repositories" href="http://jakarta.apache.org/site/cvsindex.html"/>
      <item name="Reference Library" href="http://jakarta.apache.org/site/library.html"/>
      <item name="Bug Database" href="http://jakarta.apache.org/site/bugs.html"/>
    </menu>

</project>
