<?xml version="1.0" encoding="utf-8"?>
<config>
<!-- 
  Copyright 2004 The Apache Software Foundation.
 
  Licensed under the Apache License, Version 2.0 (the "License");
  you may not use this file except in compliance with the License.
  You may obtain a copy of the License at

      http://www.apache.org/licenses/LICENSE-2.0

  Unless required by applicable law or agreed to in writing, software
  distributed under the License is distributed on an "AS IS" BASIS,
  WITHOUT WARRANTIES OR CONDITIONS OF ANY KIND, either express or implied.
  See the License for the specific language governing permissions and
  limitations under the License.
-->
  <input>
    <property-list>
      <property name="incompletetimeout"  value="1s"/>
      <property name="completetimeout"  value="1s"/>
    </property-list>
    <prompt-list>
        <prompt>What kind of mortgage would you like? <break time="500ms"/>
                For example, you could say ten years fixed.
         </prompt>
    </prompt-list>
    <help-list>
      <help>
        <prompt> Please specify the complete mortgage type. </prompt>
      </help>
      <help>
        <prompt> For instance, say 20 year fixed . </prompt>
      </help>
    </help-list>
    <noinput-list>
      <noinput>
        <prompt>I did not hear you speak the mortgage type.</prompt>
      </noinput>
      <noinput>
        <prompt>Could you please repeat the mortgage type?</prompt>
      </noinput>
      <noinput>
        <prompt>I appear to be having trouble hearing you. 
        Waiting for you to say a  mortgage type. </prompt>
      </noinput>
    </noinput-list>
    <nomatch-list>
      <nomatch>
        <prompt>I did not hear you speak the mortgage type. </prompt>
      </nomatch>
      <nomatch>
        <prompt>Please repeat the mortgage type.</prompt>
      </nomatch>
    </nomatch-list>
  </input>
  <confirm>
    <property-list>
      <property name="incompletetimeout" value="1s"/>
      <property name="completetimeout" value="1s"/>
    </property-list>
    <prompt-list>
      
        <prompt>I think you said #{model.utterance}. Is that
      right? </prompt>
    </prompt-list>
    <help-list>
      <help>
        <prompt>To accept mortgage type, say yes. To change your mind, say no.</prompt>
      </help>
    </help-list>
    <noinput-list>
      <noinput>
        <prompt>If mortgage type is acceptable say yes otherwise say no. </prompt>
      </noinput>
    </noinput-list>
    <nomatch-list>
      <nomatch>
        <prompt>If mortgage type is acceptable say yes otherwise say no. </prompt>
      </nomatch>
    </nomatch-list>
    <reject>
    <prompt-list>
      <prompt>OK, lets try again. What was that mortgage type?</prompt>
    </prompt-list>
  </reject>
  </confirm>
  <validate>
    <handler errorCode="635463">
      <prompt>The mortgage type you specified, #{model.utterance}, is
      not valid.</prompt>
    </handler>
    <handler errorCode="1">
      <prompt>Please choose a shorter mortgage type.</prompt>
    </handler>
    <handler errorCode="2">
      <prompt>Please choose a longer mortgage type.</prompt>
    </handler>
    <handler errorCode="3">
      <prompt>There is no default or initial mortgage type supplied.
      </prompt>
    </handler>   
   </validate>
  <echo>
    <property-list>
      <property name="universals" value="all"/>
    </property-list>
    <prompt-list>
      <prompt>OK, #{model.utterance}. Got it.</prompt>
    </prompt-list>
  </echo>
 </config>
