<?xml version="1.0" encoding="ISO-8859-1" ?>
<list>
<!-- 
  Copyright 2004 The Apache Software Foundation.
 
  Licensed under the Apache License, Version 2.0 (the "License");
  you may not use this file except in compliance with the License.
  You may obtain a copy of the License at

      http://www.apache.org/licenses/LICENSE-2.0

  Unless required by applicable law or agreed to in writing, software
  distributed under the License is distributed on an "AS IS" BASIS,
  WITHOUT WARRANTIES OR CONDITIONS OF ANY KIND, either express or implied.
  See the License for the specific language governing permissions and
  limitations under the License.
-->
    <option value="checkout">proceed to checkout</option>
    <option value="checkout">check out</option>
    <option value="viewcart">view cart</option>
	<option value="viewcart">show me my cart</option>
    <option value="shopping">continue shopping</option>
	<option value="shopping">buy more titles</option>
</list>

