<?xml version="1.0" ?>
<!--
  Copyright 1999-2004 The Apache Software Foundation

  Licensed under the Apache License, Version 2.0 (the "License");
  you may not use this file except in compliance with the License.
  You may obtain a copy of the License at

      http://www.apache.org/licenses/LICENSE-2.0

  Unless required by applicable law or agreed to in writing, software
  distributed under the License is distributed on an "AS IS" BASIS,
  WITHOUT WARRANTIES OR CONDITIONS OF ANY KIND, either express or implied.
  See the License for the specific language governing permissions and
  limitations under the License.
-->

<!-- Change all instances of page with the jakarta-taglib
     name for this tag library.

     Change all instances of Page with the name to use
     for things such as titles in the tag library documentation.

     Change all instances of {your-name} with your name for
     for things such as author name in the tag library documentation.

     Change <prefix>foo</prefix> below to a short prefix for this
     tag library.
     -->

<document url="./page.xml">

<!-- More properties can be added.  Good place to stick loose
     data needed elsewhere. -->
<properties>
  <!-- The title here overrides the title generated by the
       stylesheet for the documentation HTML <title> tag
  <title>Jakarta Project: JNDI JSP Tag Library</title>
       -->
  <!-- The name here is used in the HTML <meta name="author"...> tag -->
  <author>Danno Ferrin</author>
</properties>

<!-- The following defines elements uses both to create the taglib
     documentation and the tag library descriptor .tld file.  The
     elements used are those from the JSP 1.2 TLD DTD and special
     elements used when creating the tagib documentation.  Although
     the JSP1.2 TLD DTD is used, this document can be used to
     generate both a JSP 1.1 and a JSP 1.2 TLD.
     -->

<taglib>

  <tlib-version>1.0</tlib-version>
  <jsp-version>1.1</jsp-version>
  <short-name>jndi</short-name>
  <uri>http://jakarta.apache.org/taglibs/jndi</uri>
  <display-name>JNDI Tag library (Beta 1)</display-name>

  <description>
    A tag library for using the Java Naming and Directory Interface (JNDI).
  </description>

  <!-- The taglib-location is used to fill in the web.xml configuration
       information in the HTML doc. -->
  <taglib-location>/WEB-INF/jndi.tld</taglib-location>

  <!-- The prefix is used to fill in the taglib directive
       configuration information in the HTML doc. -->
  <prefix>jndi</prefix>

  <!-- This element must be straight text and is copied right into
       the "Requirements" section of the HTML doc. -->
  <requirements-info>
    <P>This custom tag library requires a servlet container that supports
       the JavaServer Pages Specification, version 1.1.
    </P>
    <p>
      This custom tag library requires the JNDI API.  This comes as part of
      Java 1.3. If you are using a version of Java prior to Java 1.3 you
      will need to download the <a href="http://java.sun.com/products/jndi/">
      JNDI API</a> from Sun and install it in your $JAVA_HOME/jre/lib/ext directory.
    </p>
  </requirements-info>

  <tagtoc name="JNDI Tags">
    <tag>
      <name>useContext</name>
      <tag-class>org.apache.taglibs.jndi.UseContextTag</tag-class>
      <tei-class>org.apache.taglibs.jndi.UseContextTEI</tei-class>
      <body-content>JSP</body-content>
      <display-name>useContext</display-name>
     
      <description>
        This tag creates an instance of a javax.naming.Context based on the values
        of the attributes providing some of the standard values.  In addition to the 
        System properties and the jndi.properties, some standard properties are 
        scanned in the pageContext attributes.
        <ul>
        <li>note: should this be extended to the servlet init params as well?</li>
        <li>note: as of right now this does not look into the id and scope to see if the 
        context already exists, so it does not behave entirely like useBean</li>
        </ul>
      </description>

      <summary>Create a javax.naming.Context object for use after tag close.</summary>
      <availability>1.0</availability>
      <restrictions>
        One of the following three attributes must be specified:
        <ul>
        <li>env</li>
        <li>envRef</li>
        <li>url</li>
        </ul>
        And one of the following three attributes must be specified:
        One of the following three attributes must be specified:
        <ul>
        <li>initialFactory</li>
        <li>providerUrl</li>
        <li>url</li>
        </ul>
      </restrictions>

      <attribute>
        <name>envRef</name>
        <required>false</required>
        <rtexprvalue>false</rtexprvalue>
        <description>
          This is the name of an attribute that will be searched for that provides
          additional environment information.  This info is subordinate to the info
          provided by the attributes to this tag.
        </description>
        <availability>1.0</availability>
      </attribute>
      <attribute>
        <name>env</name>
        <required>false</required>
        <rtexprvalue>true</rtexprvalue>
        <description>
          Same as envRef, except that the value is of type java.util.Hashtable.
        </description>
        <availability>1.0</availability>
      </attribute>
      <attribute>
        <name>url</name>       
        <required>false</required>
        <rtexprvalue>true</rtexprvalue>
        <description>
          If provided, the context created by the other attributes is used to
          create a context in which the parameter of this attribute is used to
          preform a lookup(String) operation.  The context returned from the lookup
          will be the context returned by the tag.
        </description>
        <availability>1.0</availability>
      </attribute>
      <attribute>
        <name>providerUrl</name>
        <required>false</required>
        <rtexprvalue>true</rtexprvalue>
        <description>
          Provides the value of the Context.PROVIDER_URL attribute to the 
          InitialContext environment Hashtable.
        </description>
        <availability>1.0</availability>
      </attribute>
      <attribute>
        <name>initialFactory</name>
        <required>false</required>
        <rtexprvalue>true</rtexprvalue>
        <description>
          Provides the value of the Context.INITIAL_CONTEXT_FACTORY attribute to 
          the InitialContext environment Hashtable.
        </description>
        <availability>1.0</availability>
      </attribute>
      <attribute>
        <name>dnsUrl</name>
        <required>false</required>
        <rtexprvalue>true</rtexprvalue>
        <description>
          Provides the value of the Context.DNS_URL attribute to the 
          InitialContext environment Hashtable.
        </description>
        <availability>1.0</availability>
      </attribute>
      <attribute>
        <name>authoritative</name>
        <required>false</required>
        <rtexprvalue>true</rtexprvalue>
        <description>
          Provides the value of the Context.AUTHORITATIVE attribute to the 
          InitialContext environment Hashtable.
        </description>
        <availability>1.0</availability>
      </attribute>
      <attribute>
        <name>batchsize</name>
        <required>false</required>
        <rtexprvalue>true</rtexprvalue>
        <description>
          Provides the value of the Context.BATCHSIZE attribute to the 
          InitialContext environment Hashtable.
        </description>
        <availability>1.0</availability>
      </attribute>
      <attribute>
        <name>objectFactories</name>
        <required>false</required>
        <rtexprvalue>true</rtexprvalue>
        <description>
          Provides the value of the Context.OBJECT_FACTORIES attribute to 
          the InitialContext environment Hashtable.
        </description>
        <availability>1.0</availability>
      </attribute>
      <attribute>
        <name>stateFactories</name>
        <required>false</required>
        <rtexprvalue>true</rtexprvalue>
        <description>
          Provides the value of the Context.STATE_FACTORIES attribute to 
          the InitialContext environment Hashtable.
        </description>
        <availability>1.0</availability>
      </attribute>
      <attribute>
        <name>urlPkgPrefixes</name>
        <required>false</required>
        <rtexprvalue>true</rtexprvalue>
        <description>
          Provides the value of the Context.URL_PKG_PREFIXES attribute to 
          the InitialContext environment Hashtable.
        </description>
        <availability>1.0</availability>
      </attribute>
      <attribute>
        <name>id</name>
        <required>true</required>
        <rtexprvalue>false</rtexprvalue>
        <description>
          The name that the context is to be exported as.  
          (A potential future relaxation may make this optional, but it will only
          be available to body content enclosed that asks for an implicit context)
        </description>
        <availability>1.0</availability>
      </attribute>
      <attribute>
        <name>scope</name>
        <required>false</required> <!-- page presumed if absent -->
        <rtexprvalue>false</rtexprvalue>
        <description>
          The scope the object is to be exported as.  Default is 'page'.
          Follows the JSP spec conventions.
        </description>
        <availability>1.0</availability>
      </attribute>
    </tag>
  
  
    <tag>
      <name>list</name>
      <tag-class>org.apache.taglibs.jndi.ListTag</tag-class>
      <tei-class>org.apache.taglibs.jndi.ListTEI</tei-class>
      <body-content>JSP</body-content>
      <display-name>list</display-name>

      <description>
       This tag iterates through the list returned by Context.list() and
       the body content is evaluated for each iteration.
      </description>

      <summary>Lists the elements in a particular javax.naming.Context</summary>
      <availability>1.0</availability>
      <restrictions>
        One of the following two attributes must be specified:
        <ul>
        <li>context</li>
        <li>contextRef</li>
        </ul>
      </restrictions>

      <attribute>
        <name>contextRef</name>
        <required>false</required>
        <rtexprvalue>true</rtexprvalue>
        <description>
          Attribute name that will be searched for to provide the context.
        </description>
        <availability>1.0</availability>
      </attribute>
      <attribute>
        <name>context</name>
        <required>false</required>
        <rtexprvalue>true</rtexprvalue>
        <description>
          A literal instance of type javax.naming.Context to be used.
        </description>
        <availability>1.0</availability>
      </attribute>
      <attribute>
        <name>nameId</name>
        <required>false</required>
        <rtexprvalue>true</rtexprvalue>
        <description>
          The attribute name of the name listing to be exported
        </description>
        <availability>1.0</availability>
      </attribute>
      <attribute>
        <name>nameScope</name>
        <required>false</required>
        <rtexprvalue>true</rtexprvalue>
        <description>
          The scope that the name object will be exported to (page is the default).
        </description>
        <availability>1.0</availability>
      </attribute>
      <attribute>
        <name>classId</name>
        <required>false</required>
        <rtexprvalue>true</rtexprvalue>
        <description>
          The attribute name of the class name to be exported.
        </description>
        <availability>1.0</availability>
      </attribute>
      <attribute>
        <name>classScope</name>
        <required>false</required>
        <rtexprvalue>true</rtexprvalue>
        <description>
          The scope that the class name will be exported to (page is the default).
        </description>
        <availability>1.0</availability>
      </attribute>
      <attribute>
        <name>objId</name>
        <required>false</required>
        <rtexprvalue>true</rtexprvalue>
        <description>
          The attribute name of the bound object listing to be exported.
        </description>
        <availability>1.0</availability>
      </attribute>
      <attribute>
        <name>objScope</name>
        <required>false</required>
        <rtexprvalue>true</rtexprvalue>
        <description>
          The scope that the bound object will be exported to (page is the default).
        </description>
        <availability>1.0</availability>
      </attribute>
      <attribute>
        <name>name</name>
        <required>false</required>
        <rtexprvalue>true</rtexprvalue>
        <description>
          The name to preform the list against.
        </description>
        <availability>1.0</availability>
      </attribute>
      <attribute>
        <name>nameObject</name>
        <required>false</required>
        <rtexprvalue>true</rtexprvalue>
        <description>
          Like name, a literal javax.naming.Name object to use to list against.  If both this
          and name are specified and the value is not null, this attribute is 
          the one used.
        </description>
        <availability>1.0</availability>
      </attribute>
      <attribute>
        <name>bindings</name>
        <required>false</required>
        <rtexprvalue>true</rtexprvalue>
        <description>
          Whether or not bound objects are returned, <b>true</b> or <b>false</b>.
        </description>
        <availability>1.0</availability>
      </attribute>
    </tag>
  
  
    <tag>
      <name>lookup</name>
      <tag-class>org.apache.taglibs.jndi.LookupTag</tag-class>
      <tei-class>org.apache.taglibs.jndi.LookupTEI</tei-class>
      <body-content>JSP</body-content>
      <display-name>lookup</display-name>

      <description>
        Lookups and exports a particular entry in a javax.naming.Context.
      </description>

      <summary>This looks up a particular object and exports it.</summary>
      <availability>1.0</availability>
      <restrictions>
        One of the following two attributes must be specified:
        <ul>
        <li>context</li>
        <li>contextRef</li>
        </ul>
      </restrictions>

      <attribute>
        <name>contextRef</name>
        <required>false</required>
        <rtexprvalue>true</rtexprvalue>
        <description>
          Attribute name that will be searched for to provide the context.
        </description>
        <availability>1.0</availability>
      </attribute>
      <attribute>
        <name>context</name>
        <required>false</required>
        <rtexprvalue>true</rtexprvalue>
        <description>
          A literal instance of type javax.naming.Context to be used.
        </description>
        <availability>1.0</availability>
      </attribute>
      <attribute>
        <name>id</name>
        <required>true</required>
        <rtexprvalue>false</rtexprvalue>
        <description>
          Attribute name of the object to be exported.
        </description>
        <availability>1.0</availability>
      </attribute>
      <attribute>
        <name>scope</name>
        <required>false</required>
        <rtexprvalue>false</rtexprvalue>
        <description>
          The scope the object is to be exported as.  Default is 'page'.
          Follows the JSP spec conventions.
        </description>
        <availability>1.0</availability>
      </attribute>
      <attribute>
        <name>name</name>
        <required>false</required>
        <rtexprvalue>true</rtexprvalue>
        <description>
          The name to preform the lookup against.
        </description>
        <availability>1.0</availability>
      </attribute>
      <attribute>
        <name>nameObject</name>
        <required>false</required>
        <rtexprvalue>true</rtexprvalue>
        <description>
          Like name, a literal javax.naming.Name object to use to lookup.  If both this
          and name are specified and the value is not null, this attribute is 
          the one used.
        </description>
        <availability>1.0</availability>
      </attribute>
      <attribute>
        <name>type</name>
        <!-- the class to cast the looked up object to.  Right now failure to
             cast results in a null return.  Adding an attribute failure with
             string values null, exception, or classcast to return null, throw a 
             JSPExceptionm or to re-throw the class-cast is a thought. -->
        <required>false</required> 
        <rtexprvalue>false</rtexprvalue>
        <description>
          The class to cast the looked up object to.  Right now failure to
          cast results in a null return.  The default is java.lang.Object.
          This also determines the type of the exposed scripting variable.
          [Adding an attribute failure with string values null, exception, or 
          classcast to return null, throw a JSPExceptionm or to re-throw the 
          class-cast is a thought.]
        </description>
        <availability>1.0</availability>
      </attribute>
    </tag>
  
  
    <tag>
      <name>useDirContext</name>
      <tag-class>org.apache.taglibs.jndi.UseDirContextTag</tag-class>
      <tei-class>org.apache.taglibs.jndi.UseDirContextTEI</tei-class>
      <body-content>JSP</body-content>
      <display-name>useDirContext</display-name>

      <description>
        This behaves exactly like useContext except that the object exported
        will be of type javax.naming.directory.DirContext and the 
        InitialDirContext will be used to generate the contexts.
      </description>

      <summary>
        Create a javax.naming.directory.DirContext object for use
        after tag close.
      </summary>
      <availability>1.0</availability>
      <restrictions>
        One of the following three attributes must be specified:
        <ul>
        <li>env</li>
        <li>envRef</li>
        <li>url</li>
        </ul>
        And one of the following three attributes must be specified:
        One of the following three attributes must be specified:
        <ul>
        <li>initialFactory</li>
        <li>providerUrl</li>
        <li>url</li>
        </ul>
      </restrictions>

      <attribute>
        <name>envRef</name>
        <required>false</required>
        <rtexprvalue>false</rtexprvalue>
        <description>
          This is the name of an attribute that will be searched for that provides
          additional environment information.  This info is subordinate to the info
          provided by the attributes to this tag.
        </description>
        <availability>1.0</availability>
      </attribute>
      <attribute>
        <name>env</name>
        <required>false</required>
        <rtexprvalue>true</rtexprvalue>
        <description>
          Same as envRef, except that the value is of type java.util.Hashtable.
        </description>
        <availability>1.0</availability>
      </attribute>
      <attribute>
        <name>url</name>
        <required>false</required>
        <rtexprvalue>true</rtexprvalue>
        <description>
          If provided, the context created by the other attributes is used to
          create a context in which the parameter of this attribute is used to
          preform a lookup(String) operation.  The context returned from the lookup
          will be the context returned by the tag.
        </description>
        <availability>1.0</availability>
      </attribute>
      <attribute>
        <name>providerUrl</name>
        <required>false</required>
        <rtexprvalue>true</rtexprvalue>
        <description>
          Provides the value of the Context.PROVIDER_URL attribute to the
          InitialContext environment Hashtable.
        </description>
        <availability>1.0</availability>
      </attribute>
      <attribute>
        <name>initialFactory</name>
        <required>false</required>
        <rtexprvalue>true</rtexprvalue>
        <description>
          Provides the value of the Context.INITIAL_CONTEXT_FACTORY attribute to
          the InitialContext environment Hashtable.
        </description>
        <availability>1.0</availability>
      </attribute>
      <attribute>
        <name>dnsUrl</name>
        <required>false</required>
        <rtexprvalue>true</rtexprvalue>
        <description>
          Provides the value of the Context.DNS_URL attribute to the
          InitialContext environment Hashtable.
        </description>
        <availability>1.0</availability>
      </attribute>
      <attribute>
        <name>authoritative</name>
        <required>false</required>
        <rtexprvalue>true</rtexprvalue>
        <description>
          Provides the value of the Context.AUTHORITATIVE attribute to the
          InitialContext environment Hashtable.
        </description>
        <availability>1.0</availability>
      </attribute>
      <attribute>
        <name>batchsize</name>
        <required>false</required>
        <rtexprvalue>true</rtexprvalue>
        <description>
          Provides the value of the Context.BATCHSIZE attribute to the
          InitialContext environment Hashtable.
        </description>
        <availability>1.0</availability>
      </attribute>
      <attribute>
        <name>objectFactories</name>
        <required>false</required>
        <rtexprvalue>true</rtexprvalue>
        <description>
          Provides the value of the Context.OBJECT_FACTORIES attribute to
          the InitialContext environment Hashtable.
        </description>
        <availability>1.0</availability>
      </attribute>
      <attribute>
        <name>stateFactories</name>
        <required>false</required>
        <rtexprvalue>true</rtexprvalue>
        <description>
          Provides the value of the Context.STATE_FACTORIES attribute to
          the InitialContext environment Hashtable.
        </description>
        <availability>1.0</availability>
      </attribute>
      <attribute>
        <name>urlPkgPrefixes</name>
        <required>false</required>
        <rtexprvalue>true</rtexprvalue>
        <description>
          Provides the value of the Context.URL_PKG_PREFIXES attribute to
          the InitialContext environment Hashtable.
        </description>
        <availability>1.0</availability>
      </attribute>
      <attribute>
        <name>id</name>
        <required>true</required>
        <rtexprvalue>false</rtexprvalue>
        <description>
          The name that the context is to be exported as.
          (A potential future relaxation may make this optional, but it will only
          be available to body content enclosed that asks for an implicit context)
        </description>
        <availability>1.0</availability>
      </attribute>
      <attribute>                       
        <name>scope</name>
        <required>false</required> <!-- page presumed if absent -->
        <rtexprvalue>false</rtexprvalue>                           
        <description>                                              
          The scope the object is to be exported as.  Default is 'page'.
          Follows the JSP spec conventions.                             
        </description>                                                  
        <availability>1.0</availability>   
      </attribute>

    </tag>
    
    
    <tag>
      <name>search</name>
      <tag-class>org.apache.taglibs.jndi.SearchTag</tag-class>
      <tei-class>org.apache.taglibs.jndi.SearchTEI</tei-class>
      <body-content>JSP</body-content>
      <display-name>search</display-name>

      <description>
        Performs a search against a DirContext according to the semantics
        of the search(Name name, String filter, SearchControls cons) in
        javax.naming.directory.DirContext.
      </description>

      <summary>Searches a DirContext.</summary>
      <availability>1.0</availability>
      <restrictions>
        One of the following two attributes must be specified:
        <ul>
        <li>context</li>
        <li>contextRef</li>
        </ul>
      </restrictions>

      <attribute>
        <name>id</name>
        <required>true</required>
        <rtexprvalue>false</rtexprvalue>
        <description>
          Attribute name of the SearchResult  to be exported.
        </description>
        <availability>1.0</availability>
      </attribute>
      <attribute>
        <name>scope</name>
        <required>false</required> <!-- page presumed if absent -->
        <rtexprvalue>false</rtexprvalue>
        <description>
          The scope the object is to be exported as.  Default is 'page'.
          Follows the JSP spec conventions.
        </description>
        <availability>1.0</availability>
      </attribute>
      <attribute>
        <name>contextRef</name>
        <required>false</required>
        <rtexprvalue>true</rtexprvalue>
        <description>
          Attribute name that will be searched for to provide the context.
        </description>
        <availability>1.0</availability>
      </attribute>
      <attribute>
        <name>context</name>
        <required>false</required>
        <rtexprvalue>true</rtexprvalue>
        <description>
          A literal instance of type javax.naming.Context to be used.
        </description>
        <availability>1.0</availability>
      </attribute>
      <attribute>
        <name>name</name>
        <required>false</required>
        <rtexprvalue>true</rtexprvalue>
        <description>
          The name to preform the lookup against.
        </description>
        <availability>1.0</availability>
      </attribute>
      <attribute>
        <name>nameObject</name>
        <required>false</required>
        <rtexprvalue>true</rtexprvalue>
        <description>
          Like name, a literal javax.naming.Name object to use to lookup.  If both this
          and name are specified and the value is not null, this attribute is 
          the one used.
        </description>
        <availability>1.0</availability>
      </attribute>
      <attribute>
        <name>filter</name>
        <required>true</required>
        <rtexprvalue>true</rtexprvalue>
        <description>
          The LDAP-style search filter to use.
        </description>
        <availability>1.0</availability>
      </attribute>
      <attribute>
        <name>countLimit</name>
        <required>false</required>
        <rtexprvalue>true</rtexprvalue>
        <description>
          The maximum number of entries to return.  Default is 0 which _should_ 
          mean return all entries found (but behavior has been observerved in some
          provider/server combinations to mean none).
        </description>
        <availability>1.0</availability>
      </attribute>
      <attribute>
        <name>derefLink</name>
        <required>false</required>
        <rtexprvalue>true</rtexprvalue>
        <description>
          Determines whether links will be dereferenced during the search.
          Set to <b>true</b> or <b>false</b>, default is <b>false</b>.
        </description>
        <availability>1.0</availability>
      </attribute>
      <attribute>
        <name>attributes</name>
        <required>false</required>
        <rtexprvalue>true</rtexprvalue>
        <description>
          A (generally) comma seperated list of attributes to return in the 
          search results.  Default is null which means return all.
        </description>
        <availability>1.0</availability>
      </attribute>
      <attribute>
        <name>attributeSeparator</name>
        <required>false</required>
        <rtexprvalue>true</rtexprvalue>
        <description>
          If comma seperated attributes won't do, provides an alternate 
          delimiter string for the attributes attribute.  Default is ",".
        </description>
        <availability>1.0</availability>
      </attribute>
      <attribute>
        <name>bindings</name>
        <required>false</required>
        <rtexprvalue>true</rtexprvalue>
        <description>
          Whether or not to return bound objects.
          Set to <b>true</b> or <b>false</b>, default is <b>false</b>.
        </description>
        <availability>1.0</availability>
      </attribute>
      <attribute>
        <name>searchScope</name>
        <required>false</required>
        <rtexprvalue>true</rtexprvalue>
        <description>
          What scope the search is to be preformed against.  One of subtree, 
          subtree_scope, onelevel, onelevel_scope, object, object_scope.  (The
          variants are treated as the the _scope variants).
        </description>
        <availability>1.0</availability>
      </attribute>
      <attribute>
        <name>timeLimit</name>
        <required>false</required>
        <rtexprvalue>true</rtexprvalue>
        <description>
          The time limit in ms to wait.  0 means wait indefinatly.
        </description>
        <availability>1.0</availability>
      </attribute>
    </tag>
  
  
    <tag>
      <name>getAttribute</name>
      <tag-class>org.apache.taglibs.jndi.GetAttributeTag</tag-class>
      <tei-class>org.apache.taglibs.jndi.GetAttributeTEI</tei-class>
      <body-content>JSP</body-content> <!-- and will be the seperator for multi-value resposnes -->
      <display-name>getAttribute</display-name>

      <description>
        This is a flexible tag to get an attribute.  The specified object can be
        a DirContext, SearchResult, Attributes, or an Attribute.  If the object is
        a DirContext an Attributes object is retrieved with just the requested
        attribute, and then further processed.  If it is a SearchResult then the
        return of getAttributes is processed further.  For any Attributes object 
        passed in explicitly or derived the get(attribute) method is executed and 
        stored as the attribute.  
        The contents of the attribute are processed in one of three ways depending 
        on the value of the multivalue tag attribute.  If the value is 'one' then 
        the value returned by Attribute.get() is written to the output stream and 
        the body is skipped.  For 'separator' then the body of the tag servers as a 
        separator for the attribute values in the event of multivalue attributes,
        but it is skipped in the event of a singly valued or non-existant 
        attribute, and the value of the attribute is explicitly written to the
        appropriate output stream.  And for the case of 'iterate' the the 
        contents of the body are iterated over for each value of the attribute, 
        whether singly valued or multi-valued (and skipped for a non-existant 
        attribute).  In all cases the attribute is exported to the id and scope
        if provided at the beginning of the tag, so it is available both within the
        tag and after it's execution.
      </description>

      <summary>Extracts an attribute from a DirContext, a SearchResult, or an Attributes.</summary>
      <availability>1.0</availability>
      <restrictions>NONE</restrictions>

      <attribute>
        <name>id</name>
        <required>flase</required>
        <rtexprvalue>false</rtexprvalue>
        <description>
          Page Context attribute name of the actual Attribute value to be exported.  
          For multivalued attributes where the multivalue mode is 'separator' no 
          attribute is exported, while for the value of 'iterator' it is the current
          value inside the body content or the final value outside the tag.  For 
          'one' it is the only value of the attribute.
        </description>
        <availability>1.0</availability>
      </attribute>
      <attribute>
        <name>scope</name>
        <required>false</required> <!-- page presumed if absent -->
        <rtexprvalue>false</rtexprvalue>
        <description>
          The scope the object is to be exported as.  Default is 'page'.
          Follows the JSP spec conventions.
        </description>
        <availability>1.0</availability>
      </attribute>
      <attribute>
        <name>ref</name>
        <required>false</required>
        <rtexprvalue>true</rtexprvalue>
        <description>
          A refrence to a PageContext attribute to be searched for to use as the
          object to preform attribute operations against.
        </description>
        <availability>1.0</availability>
      </attribute>
      <attribute>
        <name>object</name>
        <required>false</required>
        <rtexprvalue>true</rtexprvalue>
        <description>
          A literal instance of an object to have the attribute operations
          applied against.  An invalid object type will result in the body content
          being skipped an no output being written to the output stream.
        </description>
        <availability>1.0</availability>
      </attribute>
      <attribute>
        <name>attribute</name>
        <required>false</required>
        <rtexprvalue>false</rtexprvalue>
        <description>
          The name of the attribute to use for objects of type DirContext, 
          SearchResult and Attributes.  Ignored for object of type Attribute.
        </description>
        <availability>1.0</availability>
      </attribute>
      <attribute>
        <name>multivalue</name> <!-- either one, separator, or iterate -->
        <required>false</required>
        <rtexprvalue>true</rtexprvalue>
        <description>
          One of 'one', 'separator', or 'iterate'.  Se tag description for details.
        </description>
        <availability>1.0</availability>
      </attribute>
    </tag>     
  
    <tag>
      <name>forEachAttribute</name>
      <tag-class>org.apache.taglibs.jndi.ForEachAttributeTag</tag-class>
      <tei-class>org.apache.taglibs.jndi.ForEachAttributeTEI</tei-class>
      <body-content>JSP</body-content>
      <display-name>forEachAttribute</display-name>

      <description>
        This tag allows you to iterate through all of the attribute names returned
        for a DirContext, SearchResult, or an Attributes object.
      </description>                                                               

      <summary>Iterates attributes form a DirContext, Attributes, or SearchResult.</summary>
      <availability>1.0</availability>                                                             
      <restrictions>NONE</restrictions>

      <attribute>
        <name>id</name>
        <required>true</required>
        <rtexprvalue>false</rtexprvalue>
        <description>
          Page Context attribute name of the actual Attribute to be exported.  
          This is the name exposed within the tag Body and after.  It is the 
          Attribute object and not the value of the attribute.
        </description>
        <availability>1.0</availability>
      </attribute>
      <attribute>
        <name>scope</name>
        <required>false</required> <!-- page presumed if absent -->
        <rtexprvalue>false</rtexprvalue>
        <description>
          The scope the object is to be exported as.  Default is 'page'.
          Follows the JSP spec conventions.
        </description>
        <availability>1.0</availability>
      </attribute>
      <attribute>
        <name>ref</name>
        <required>false</required>
        <rtexprvalue>true</rtexprvalue>
        <description>
          A refrence to a PageContext attribute to be searched for to use as the
          object to preform attribute operations against.  Valid types are 
          DirContext, SearchResults, and Attributes.
        </description>
        <availability>1.0</availability>
      </attribute>
      <attribute>
        <name>object</name>
        <required>false</required>
        <rtexprvalue>true</rtexprvalue>
        <description>
          A literal instance of an object to have the attribute operations
          applied against.  An invalid object type will result in the body content
          being skipped an no output being written to the output stream.  Valid 
          types are DirContext, SearchResults, and Attributes.
        </description>
        <availability>1.0</availability>
      </attribute>
    </tag>     

  </tagtoc>

</taglib>

<revision release="Development" date="04/06/2002">
  <description>
    Update to new build, fancy docs, and a few bug fixes.
  </description>
  <section name="Tag Changes">
    <item>
      Changed the name of the <b>itterate</b> arg to
      the <b>getAttribute</b> tag <b>multivalue</b> attribute
      to <b>iterate</b>.
    </item>
  </section>
</revision>
 
<revision release="Development" date="12/12/2000">
  <description>
    Initial version of tag library before Jakarta-Taglibs
    had an official release policy for tag libraries.
  </description>
</revision>

</document>
