<?xml version="1.0"?>
<!--
  Copyright 1999-2004 The Apache Software Foundation

  Licensed under the Apache License, Version 2.0 (the "License");
  you may not use this file except in compliance with the License.
  You may obtain a copy of the License at

      http://www.apache.org/licenses/LICENSE-2.0

  Unless required by applicable law or agreed to in writing, software
  distributed under the License is distributed on an "AS IS" BASIS,
  WITHOUT WARRANTIES OR CONDITIONS OF ANY KIND, either express or implied.
  See the License for the specific language governing permissions and
  limitations under the License.
-->
<document url="./intro.xml">

  <properties>
    <author>Joseph B. Ottinger</author>
    <author>James Strachan</author>
    <title>Jakarta-Taglibs Project: Log Tag Library</title>
  </properties>

  <body>


  <section name="Log Tag Library" href="Welcome">

    <p>
    The Log library allows you to embed logging calls in your JSP which can be 
    output to a variety of destinations thanks to the power of the
    <a href="http://jakarta.apache.org/log4j/docs/index.html">log4j</a> project.
    </p>

  </section>

  <section name="News" href="News">
    <news>
      <newsitem date="01/12/2003">
        Version 1.0 Released
      </newsitem>
    </news>
  </section>

  <section name="Documentation" href="Documentation">

  <p>For more information about the Log Tag Library, look at the on-line documentation:</p>
  <ul>
  <li>
    View the current release <a href="log-1.0/index.html">
    Log 1.0 Taglib Documentation</a></li>
  <li>
    View the development version of the <a href="index.html">
    Log Taglib Documentation</a>
  </li>
  </ul>

  <p>For information on how to use the distributions, look at the following documentation:</p>

  <ul>
  <li>Using the Jakarta-Taglibs <a href="http://jakarta.apache.org/taglibs/binarydist.html">Binary Distribution</a></li>
  <li>Using the Jakarta-Taglibs <a href="http://jakarta.apache.org/taglibs/sourcedist.html">Source Distribution</a></li>
  </ul>

  </section>

  <section name="Download" href="Download">

  <p>Download a binary distribution of the Log Tag Library
  <ul>
  <li>
    Download the Log Tag Library 1.0 Release from an
    <a href="http://jakarta.apache.org/site/binindex.cgi#Release%20Builds">
    Apache Jakarta Project Mirror</a>
  </li>
  <li>
    Download the Log Tag Library
    <a href="http://jakarta.apache.org/builds/jakarta-taglibs/nightly/projects/log/">
    nightly development build</a>
  </li>
  </ul>
  </p>

  <p>The following distributions are also available for download:</p>
  <ul>
  <li>Download <a href="http://jakarta.apache.org/builds/jakarta-taglibs/nightly/src/">Jakarta-Taglibs Source</a></li>
  <li>Download entire <a href="http://jakarta.apache.org/builds/jakarta-taglibs/nightly">Jakarta-Taglibs Distribution</a></li>
  </ul>

  </section>

  <section name="Contributors" href="Contributors">
  <p>List of contributors:</p>

  <ul>
  <li>Joseph B. Ottinger</li>
  <li>James Strachan</li>
  </ul>

  </section>

  </body>
</document>
