<?xml version="1.0" ?>
<!--
  Copyright 1999-2004 The Apache Software Foundation

  Licensed under the Apache License, Version 2.0 (the "License");
  you may not use this file except in compliance with the License.
  You may obtain a copy of the License at

      http://www.apache.org/licenses/LICENSE-2.0

  Unless required by applicable law or agreed to in writing, software
  distributed under the License is distributed on an "AS IS" BASIS,
  WITHOUT WARRANTIES OR CONDITIONS OF ANY KIND, either express or implied.
  See the License for the specific language governing permissions and
  limitations under the License.
-->
<document url="./log.xml">

  <properties>
    <title>Jakarta Project: Log Tag Library</title>
    <author>Joseph B. Ottinger</author>
    <author>James Strachan</author>
  </properties>

<taglib>

  <tlib-version>1.0</tlib-version>
  <!-- Minimum version of JSP spec required -->
  <jsp-version>1.1</jsp-version>
  <!-- jakarta-taglib name of this tag library -->
  <short-name>log</short-name>
  <!-- URI of taglib -->
  <uri>http://jakarta.apache.org/taglibs/log-1.0</uri>
  <!-- The name to use in titles, etc. for the taglib -->
  <display-name>Log Tag library</display-name>

  <description>


    <p>
    The Log library allows you to embed logging calls in your JSP which can be 
    output to a variety of destinations thanks to the power of the
    <a href="http://jakarta.apache.org/log4j/docs/index.html">log4j</a> project.
    </p>

    <b>Initialising log4j</b>

    <p>By default these log tags do not explicitly initialise log4j, 
    you are free to do that however you wish.
    A common approach is to create a log4j servlet and for it to initialise
    log4j using some configuration file or options specified in your web.xml
    </p>

    <p>My own personal preference is just to put a log4j.properties file
    in the WEB-INF/classes directory and for that to have your log4j 
    configuration. Then without any special servlets or initialisation
    code log4j will correctly initialise itself. This approach also avoids
    a single web app accidentally initialising log4j several times 
    (e.g. via 2 different servlets).
    </p>

    <p>If you have any further questions regarding the configuration of
    log4j please visit the 
    <a href="http://jakarta.apache.org/log4j/docs/index.html">log4j</a> 
    site or a log4j specific mailing list.
    </p>
</description> 
    
  <!-- The following elements are for JSP 1.2 tag libraries only,
       and are not used for generating documentation yet.

  <validator>

  </validator>
  <listener>

  </listener>
       -->

  <!-- The taglib-location is used to fill in the web.xml configuration
       information in the HTML doc. -->
  <taglib-location>/WEB-INF/log.tld</taglib-location>
                   
  <!-- The prefix is used to fill in the taglib directive
       configuration information in the HTML doc. -->
  <prefix>log</prefix>


  <requirements-description>
    This custom tag library requires a servlet container
    that supports the JavaServer Pages Specification, version 1.1 or higher
    together with a distribution of
    <a href="http://jakarta.apache.org/log4j/docs/index.html">log4j</a>.
  </requirements-description>

  <tagtoc name="Loggin Tags">

    <tag>
      <name>debug</name>
      <tag-class>org.apache.taglibs.log.DebugTag</tag-class>
      <body-contents>JSP</body-contents>
      <description>Displays a debug-level message</description>
      <script-variable>No</script-variable>
      <attribute>
        <name>category</name>
        <rtexprvalue>true</rtexprvalue>
        <required>false</required>
        <description>
          The log4j category name used to log this message to. If this is not specified then the default log4j category is used.
        </description>
      </attribute>
      <attribute>
        <name>message</name>
        <rtexprvalue>true</rtexprvalue>
        <required>false</required>
        <description>
          The message to log. 
          If this is not specified then the body of the tag is used instead.
        </description>
      </attribute>
      <restrictions></restrictions>
      <example><usage>
          <comment>
          </comment>
          <code><![CDATA[
<log:debug message="this is a message"/>

<log:debug category="foo.bar" message="this is a message"/>

<log:debug category="foo.bar">
  this is a message
</log:debug>
]]></code>
      </usage></example>
    </tag>

    <tag>
      <name>info</name>
      <tag-class>org.apache.taglibs.log.InfoTag</tag-class>
      <body-contents>JSP</body-contents>
      <description>Displays a info-level message</description>
      <script-variable>No</script-variable>
      <attribute>
        <name>category</name>
        <rtexprvalue>true</rtexprvalue>
        <required>false</required>
        <description>
          The log4j category name used to log this message to. If this is not specified then the default log4j category is used.
        </description>
      </attribute>
      <attribute>
        <name>message</name>
        <rtexprvalue>true</rtexprvalue>
        <required>false</required>
        <description>
          The message to log. 
          If this is not specified then the body of the tag is used instead.
        </description>
      </attribute>
      <restrictions></restrictions>
      <example><usage>
          <comment>
          </comment>
          <code><![CDATA[
<log:info message="this is a message"/>

<log:info category="foo.bar" message="this is a message"/>

<log:info category="foo.bar">
  this is a message
</log:description>
]]></code>
      </usage></example>
    </tag>

    <tag>
      <name>warn</name>
      <tag-class>org.apache.taglibs.log.WarnTag</tag-class>
      <body-contents>JSP</body-contents>
      <description>Displays a warn-level message</description>
      <script-variable>No</script-variable>
      <attribute>
        <name>category</name>
        <rtexprvalue>true</rtexprvalue>
        <required>false</required>
        <description>
          The log4j category name used to log this message to. If this is not specified then the default log4j category is used.
        </description>
      </attribute>
      <attribute>
        <name>message</name>
        <rtexprvalue>true</rtexprvalue>
        <required>false</required>
        <description>
          The message to log. 
          If this is not specified then the body of the tag is used instead.
        </description>
      </attribute>
      <restrictions></restrictions>
      <example><usage>
          <comment>
          </comment>
          <code><![CDATA[
<log:warn message="this is a message"/>

<log:warn category="foo.bar" message="this is a message"/>

<log:warn category="foo.bar">
  this is a message
</log:warn>
]]></code>
      </usage></example>
    </tag>

    <tag>
      <name>error</name>
      <tag-class>org.apache.taglibs.log.ErrorTag</tag-class>
      <body-contents>JSP</body-contents>
      <description>Displays a error-level message</description>
      <script-variable>No</script-variable>
      <attribute>
        <name>category</name>
        <rtexprvalue>true</rtexprvalue>
        <required>false</required>
        <description>
          The log4j category name used to log this message to. If this is not specified then the default log4j category is used.
        </description>
      </attribute>
      <attribute>
        <name>message</name>
        <rtexprvalue>true</rtexprvalue>
        <required>false</required>
        <description>
          The message to log. 
          If this is not specified then the body of the tag is used instead.
        </description>
      </attribute>
      <restrictions></restrictions>
      <example><usage>
          <comment>
          </comment>
          <code><![CDATA[
<log:error message="this is a message"/>

<log:error category="foo.bar" message="this is a message"/>

<log:error category="foo.bar">
  this is a message
</log:error>
]]></code>
      </usage></example>
    </tag>

    <tag>
      <name>fatal</name>
      <tag-class>org.apache.taglibs.log.FatalTag</tag-class>
      <body-contents>JSP</body-contents>
      <description>Displays a fatal message, usually as the application is about to terminate</description>
      <script-variable>No</script-variable>
      <attribute>
        <name>category</name>
        <rtexprvalue>true</rtexprvalue>
        <required>false</required>
        <description>
          The log4j category name used to log this message to. If this is not specified then the default log4j category is used.
        </description>
      </attribute>
      <attribute>
        <name>message</name>
        <rtexprvalue>true</rtexprvalue>
        <required>false</required>
        <description>
          The message to log. 
          If this is not specified then the body of the tag is used instead.
        </description>
      </attribute>
      <restrictions></restrictions>
      <example><usage>
          <comment>
          </comment>
          <code><![CDATA[
<log:fatal message="oh dear I think I'm about to terminate"/>

<log:fatal category="foo.bar" message="oh dear I think I'm about to terminate"/>

<log:fatal category="foo.bar">
  oh dear I think I'm about to terminate
</log:fatal>
]]></code>
      </usage></example>
    </tag>

    <tag>
      <name>dump</name>
      <tag-class>org.apache.taglibs.log.DumpTag</tag-class>
      <body-contents>empty</body-contents>
      <description>Displays all vars in the specified scope</description>
      <script-variable>No</script-variable>
      <attribute>
        <name>scope</name>
        <rtexprvalue>true</rtexprvalue>
        <required>true</required>
      </attribute>
      <restrictions></restrictions>
      <example><usage>
          <comment>
          </comment>
          <code><![CDATA[
<log:dump scope="page"/>
<log:dump scope="request"/>
<log:dump scope="session"/>
<log:dump scope="application"/>
]]></code>
      </usage></example>
    </tag>
  </tagtoc>
</taglib>

<revision release="1.0" date="01/12/2003">
  <description>1.0 Release</description>
</revision>

<revision release="Pre Beta" date="07/24/2001">
  <description>
    Clean up of tag library prior to performing a beta
    release, moving toward an official release.
  </description>
  <section name="New features added">
    <item>The log tags now do not initialies log4j themselves. 
      You can do this yourself using your own mechanism, via a log4j Servlet or by putting a 
      log4j.properties file in WEB-INF/classes. 
      I use the latter approach in the example web app as I find it easier. 
    </item>
    <item>
      Optimised the tags so that the body is not evaluated if log4j 
      has the logging category or priority disabled. 
    </item>
    <item>
      Added new &lt;log:fatal&gt; tag for support for the FATAL level of log4j logging
    </item>
  </section>
</revision>

<revision release="Initial version" date="03/03/2000">
  <description>Initial check into CVS from Joe's original code, ported to the Jakarta-Taglibs
  directory structure and build process.
  </description>
</revision>

</document>
