<?xml version="1.0" ?>
<!--
  Copyright 1999-2004 The Apache Software Foundation

  Licensed under the Apache License, Version 2.0 (the "License");
  you may not use this file except in compliance with the License.
  You may obtain a copy of the License at

      http://www.apache.org/licenses/LICENSE-2.0

  Unless required by applicable law or agreed to in writing, software
  distributed under the License is distributed on an "AS IS" BASIS,
  WITHOUT WARRANTIES OR CONDITIONS OF ANY KIND, either express or implied.
  See the License for the specific language governing permissions and
  limitations under the License.
-->

<!-- Change all instances of {taglib-name} with the jakarta-taglib
     name for this tag library.

     Change all instances of {display-name} with the name to use
     for things such as titles in the tag library documentation.

     Change <prefix>foo</prefix> below to a short prefix for this
     tag library.
     -->

<document url="./bsf.xml">

<!-- More properties can be added.  Good place to stick loose
     data needed elsewhere. -->
<properties>
  <!-- The name here is used in the HTML <meta name="author"...> tag -->
  <author>Doug Davis</author>
  <author>Sam Ruby</author>
  <author>Craig R. McClanahan</author>
</properties>

<!-- The following defines elements uses both to create the taglib
     documentation and the tag library descriptor .tld file.  The
     elements used are those from the JSP 1.2 TLD DTD and special
     elements used when creating the tagib documentation.  Although
     the JSP1.2 TLD DTD is used, this document can be used to
     generate both a JSP 1.1 and a JSP 1.2 TLD.
     -->
<taglib>
  <!-- The following elements are from the JSP 1.2 TLD DTD -->
  <!-- Version number of this tagib -->
  <tlib-version>1.0</tlib-version>
  <!-- Minimum version of JSP spec required -->
  <jsp-version>1.1</jsp-version>
  <!-- jakarta-taglib name of this tag library -->
  <short-name>bsf</short-name>
  <!-- URI of taglib -->
  <uri>http://jakarta.apache.org/taglibs/bsf-1.0</uri>
  <!-- The name to use in titles, etc. for the taglib -->
  <display-name>BSF Tag library</display-name>

  <!-- JSP 1.2 tag library DTD only, not used for generating
       documentation.

  <large-icon></large-icon>
  <small-icon></small-icon>
      -->

  <!-- Used for generating Overview section of HTML documentation
       and for the description element for a JSP 1.2 TLD.
       Enter information here as straight XHTML paragraphs.  Inside the
       paragraphs regular XHTML can be used (but an external CSS is
       encouraged). The information is copied into the generated HTML doc,
       and the <p> elements are essential for that. -->
  <description>
<p>The BSF (Bean Scripting Framework) Tag Library enables JSP
writers to write the code portion of their JSP in languages other
than Java.</p>

<p>For a much more detailed description of BSF itself see
<a href="http://jakarta.apache.org/bsf/">
http://jakarta.apache.org/bsf/</a>,
but here are a few key excerpts:</p>

<p>
The <strong>Bean Scripting Framework (BSF)</strong> is a set of
Java classes which provides scripting language support within
Java applications, and access to Java objects and methods from 
scripting languages.</p>

<p>
The standard set of JSP implicit objects is available within BSF.
These implicit objects must be used for input and output with respect
to the generated page, since the scripting languages do not have any
awareness of having been called within a JSP. For example, in order to
print a line of text into the page generated by the JSP, one must use the
<code>println()</code> method of the <code>out</code> implicit object.
</p>

<p>
BSF supports several scripting languages currently:
<ul>
   <li>Javascript (using Rhino ECMAScript, from the Mozilla project)</li>
   <li>Python (using either Jython or JPython)</li>
   <li>Tcl (using Jacl)</li>
   <li>NetRexx (an extension of the IBM REXX scripting language in Java)</li>
   <li>XSLT Stylesheets (as a component of Apache XML project's Xalan and Xerces)</li>
</ul>
</p>
<p>In addition, the following languages are supported with their own BSF
engines:
<ul>
   <li>Java (using BeanShell, from the BeanShell project)</li>
   <li>JRuby</li>
   <li>JudoScript</li>
</ul>
</p>

<p>Information on where to obtain scripting languages for use with BSF is
available on the <a href="http://jakarta.apache.org/bsf/projects.html">
BSF Related Projects</a> page.</p>

<p><font size="3">The BSF taglib also allows JSP writers to use
multiple scripting languages within the same JSP document.</font></p>
  </description>

  <!-- The following elements are for JSP 1.2 tag libraries only,
       and are not used for generating documentation yet.

  <validator>
  </validator>
  <listener>
  </listener>
       -->

  <!-- The taglib-location is used to fill in the web.xml configuration
       information in the HTML doc. -->
  <taglib-location>/WEB-INF/bsf.tld</taglib-location>
                   
  <!-- The prefix is used to fill in the taglib directive
       configuration information in the HTML doc. -->
  <prefix>bsf</prefix>

  <!-- This date must be straight text and is copied right into
       the "Requirements" section of the HTML doc. -->
  <requirements-info>
    This custom tag library requires no software other than a servlet container
    that supports the JavaServer Pages Specification, version 1.1 or higher.  
    And Version 2.2 of the <a href="http://jakarta.apache.org/bsf/">
    Bean Scripting Framework</a>.
  </requirements-info>

  <!-- The tagtoc element provides the ability to categorize the
       tags in the tag library.  There must be at least one tagtoc.
       1 .. N tags can be nested within a tagtoc.
       -->

  <tagtoc name="BSF Tags">
    <tag>
      <name>expression</name> 
      <tag-class>org.apache.taglibs.bsf.expression</tag-class>
      <body-content>tagdependent</body-content>
      <display-name>expression</display-name>
      <description>
        This tag is the BSF taglib equivalent of the &quot;&lt;%=&quot;
        JSP tag.
      </description>

      <!-- The next three non-standard elements are used to inform the relevant
           sections of the HTML doc.  See, for example, the BSF
           taglib docs for examples of the output. -->
      <!-- One line summary of what tag does for Tag Summary section -->
      <summary>Run a BSF expression.</summary>
      <!-- Version of taglib when this tag became available,
           deprecated is a possible value. -->
      <availability>1.0</availability>
      <!-- Any restrictions on use of the tag -->

      <attribute>
        <name>language</name>
        <required>true</required>
        <rtexprvalue>false</rtexprvalue>
        <description>
          Defines the scripting language used within the body of the tag.
        </description>
        <availability>1.0</availability>
      </attribute>

      <!-- The entire example section is for usage examples that you want to
           have added to the HTML doc under "Example" for each tag.  The
           example section is also included with a JSP 1.2 TLD.  The
           contents of these elements are rendered into a simple form of
           syntax highlighting by the XSL sheet. Multiple usage sections
           are allowed, and each will be display as a separate example
           in the resultant HTML. -->
      <example>
        <usage>
          <!--Enter a JSP comment without the opening and closing tags.
              Those will be added by the XSL.  Put no HTML mark-up in here.
              Currently, only one comment per usage section is supported. -->
          <comment>
            Ouput the current date.
          </comment>

          <!-- The code element is for an example of using the tag.  I
               normally put these in CDATA sections so that the XSL
               transform to HTML will turn the angle brackets into the
               appropriate &lt; and &gt; entities automatically. Only
               one code element per usage element is supported.
               The resultant HTML is formatted and colorized. -->
          <code>
<![CDATA[<bsf:expression language="perlscript">
  CreateBean("java.util.Date")
</bsf:expression>]]>
          </code>
        </usage>
      </example>

    </tag>

    <tag>
      <name>scriptlet</name>
      <tag-class>org.apache.taglibs.bsf.scriptlet</tag-class>
      <body-content>tagdependent</body-content>
      <display-name>scriptlet</display-name>
      <description>
        This tag is the BSF taglib equivalent of the &quot;&lt;%&quot;^M
        JSP tag.
      </description>

      <summary>  
        Run a BSF script.
      </summary>       
      <availability>1.0</availability>
      <restrictions>
      </restrictions>

      <attribute>
        <name>language</name>
        <required>true</required>
        <rtexprvalue>false</rtexprvalue>
        <description>
          Defines the scripting language used within the body of the tag.
        </description>
        <availability>1.0</availability>
      </attribute>

      <example>
        <usage>
          <comment>
            Print Hello World using tcl as the scripting language.
          </comment>
          <code>
<![CDATA[<bsf:scriptlet language="tcl">
  $out println "Hello world"
</bsf:scriptlet>]]>
          </code>
        </usage>
      </example>

    </tag>

  </tagtoc>

</taglib>

<revision release="1.0" date="12/1/2002">
  <description>1.0 Release</description>
</revision>

</document>
